slug,image_index,role,file_name,r2_key,url,width,height,bytes,source_url
e-commerce-main-image-luxury-amber-perfume-ad,1,cover,e-commerce-main-image-luxury-amber-perfume-ad-01.webp,assets/images/gallery/e-commerce-main-image-luxury-amber-perfume-ad-01.webp,https://cdn.aigptimage.com/assets/images/gallery/e-commerce-main-image-luxury-amber-perfume-ad-01.webp,1800,1800,147478,docs/网站资料/gptimage2/提示词github原始资料/awesome-gpt-image-2-prompts-main/images/poster_case113/output.jpg
e-commerce-main-image-skincare-product-studio-shot,1,cover,e-commerce-main-image-skincare-product-studio-shot-01.webp,assets/images/gallery/e-commerce-main-image-skincare-product-studio-shot-01.webp,https://cdn.aigptimage.com/assets/images/gallery/e-commerce-main-image-skincare-product-studio-shot-01.webp,1800,2156,124776,docs/网站资料/gptimage2/提示词github原始资料/awesome-gpt-image-2-prompts-main/images/poster_case114/output.jpg
e-commerce-main-image-tropical-citrus-soda-ad-poster,1,cover,e-commerce-main-image-tropical-citrus-soda-ad-poster-01.webp,assets/images/gallery/e-commerce-main-image-tropical-citrus-soda-ad-poster-01.webp,https://cdn.aigptimage.com/assets/images/gallery/e-commerce-main-image-tropical-citrus-soda-ad-poster-01.webp,1800,2700,398158,docs/网站资料/gptimage2/提示词github原始资料/awesome-gpt-image-2-prompts-main/images/poster_case115/output.jpg
e-commerce-main-image-industrial-design-presentation-sheet,1,cover,e-commerce-main-image-industrial-design-presentation-sheet-01.webp,assets/images/gallery/e-commerce-main-image-industrial-design-presentation-sheet-01.webp,https://cdn.aigptimage.com/assets/images/gallery/e-commerce-main-image-industrial-design-presentation-sheet-01.webp,1800,2700,144612,docs/网站资料/gptimage2/提示词github原始资料/awesome-gpt-image-2-prompts-main/images/poster_case116/output.jpg
e-commerce-main-image-luxury-fur-lined-loafer-lifestyle-photo,1,cover,e-commerce-main-image-luxury-fur-lined-loafer-lifestyle-photo-01.webp,assets/images/gallery/e-commerce-main-image-luxury-fur-lined-loafer-lifestyle-photo-01.webp,https://cdn.aigptimage.com/assets/images/gallery/e-commerce-main-image-luxury-fur-lined-loafer-lifestyle-photo-01.webp,1800,1350,172848,docs/网站资料/gptimage2/提示词github原始资料/awesome-gpt-image-2-prompts-main/images/poster_case117/output.jpg
e-commerce-main-image-luxury-perfume-ad-on-marble-vanity,1,cover,e-commerce-main-image-luxury-perfume-ad-on-marble-vanity-01.webp,assets/images/gallery/e-commerce-main-image-luxury-perfume-ad-on-marble-vanity-01.webp,https://cdn.aigptimage.com/assets/images/gallery/e-commerce-main-image-luxury-perfume-ad-on-marble-vanity-01.webp,1800,1800,124438,docs/网站资料/gptimage2/提示词github原始资料/awesome-gpt-image-2-prompts-main/images/poster_case118/output.jpg
e-commerce-main-image-miniature-diorama-skincare-advertisement,1,cover,e-commerce-main-image-miniature-diorama-skincare-advertisement-01.webp,assets/images/gallery/e-commerce-main-image-miniature-diorama-skincare-advertisement-01.webp,https://cdn.aigptimage.com/assets/images/gallery/e-commerce-main-image-miniature-diorama-skincare-advertisement-01.webp,1800,2400,161938,docs/网站资料/gptimage2/提示词github原始资料/awesome-gpt-image-2-prompts-main/images/poster_case151/output.jpg
e-commerce-main-image-traditional-chinese-art-and-porcelain-vases,1,cover,e-commerce-main-image-traditional-chinese-art-and-porcelain-vases-01.webp,assets/images/gallery/e-commerce-main-image-traditional-chinese-art-and-porcelain-vases-01.webp,https://cdn.aigptimage.com/assets/images/gallery/e-commerce-main-image-traditional-chinese-art-and-porcelain-vases-01.webp,1800,1200,221192,docs/网站资料/gptimage2/提示词github原始资料/awesome-gpt-image-2-prompts-main/images/poster_case152/output.jpg
e-commerce-main-image-premium-gaming-motherboard-studio-shot,1,cover,e-commerce-main-image-premium-gaming-motherboard-studio-shot-01.webp,assets/images/gallery/e-commerce-main-image-premium-gaming-motherboard-studio-shot-01.webp,https://cdn.aigptimage.com/assets/images/gallery/e-commerce-main-image-premium-gaming-motherboard-studio-shot-01.webp,1800,1350,197786,docs/网站资料/gptimage2/提示词github原始资料/awesome-gpt-image-2-prompts-main/images/poster_case153/output.jpg
e-commerce-main-image-premium-grain-powder-ad-board,1,cover,e-commerce-main-image-premium-grain-powder-ad-board-01.webp,assets/images/gallery/e-commerce-main-image-premium-grain-powder-ad-board-01.webp,https://cdn.aigptimage.com/assets/images/gallery/e-commerce-main-image-premium-grain-powder-ad-board-01.webp,1800,2700,398782,docs/网站资料/gptimage2/提示词github原始资料/awesome-gpt-image-2-prompts-main/images/poster_case154/output.jpg
e-commerce-main-image-earbuds-e-commerce-infographic,1,cover,e-commerce-main-image-earbuds-e-commerce-infographic-01.webp,assets/images/gallery/e-commerce-main-image-earbuds-e-commerce-infographic-01.webp,https://cdn.aigptimage.com/assets/images/gallery/e-commerce-main-image-earbuds-e-commerce-infographic-01.webp,1800,1200,155722,docs/网站资料/gptimage2/提示词github原始资料/awesome-gpt-image-2-prompts-main/images/poster_case155/output.jpg
e-commerce-main-image-sustainable-t-shirt-plantable-tag-ad,1,cover,e-commerce-main-image-sustainable-t-shirt-plantable-tag-ad-01.webp,assets/images/gallery/e-commerce-main-image-sustainable-t-shirt-plantable-tag-ad-01.webp,https://cdn.aigptimage.com/assets/images/gallery/e-commerce-main-image-sustainable-t-shirt-plantable-tag-ad-01.webp,1800,2250,185266,docs/网站资料/gptimage2/提示词github原始资料/awesome-gpt-image-2-prompts-main/images/poster_case156/output.jpg
e-commerce-main-image-elegant-cosmetic-poster-prompt,1,cover,e-commerce-main-image-elegant-cosmetic-poster-prompt-01.webp,assets/images/gallery/e-commerce-main-image-elegant-cosmetic-poster-prompt-01.webp,https://cdn.aigptimage.com/assets/images/gallery/e-commerce-main-image-elegant-cosmetic-poster-prompt-01.webp,1800,1716,131174,docs/网站资料/gptimage2/提示词github原始资料/awesome-gpt-image-2-prompts-main/images/poster_case157/output.jpg
e-commerce-main-image-minimalist-product-ad-pure-crunch,1,cover,e-commerce-main-image-minimalist-product-ad-pure-crunch-01.webp,assets/images/gallery/e-commerce-main-image-minimalist-product-ad-pure-crunch-01.webp,https://cdn.aigptimage.com/assets/images/gallery/e-commerce-main-image-minimalist-product-ad-pure-crunch-01.webp,1800,2400,88212,docs/网站资料/gptimage2/提示词github原始资料/awesome-gpt-image-2-prompts-main/images/poster_case158/output.jpg
e-commerce-main-image-pastel-blue-crocs-fashion-ad,1,cover,e-commerce-main-image-pastel-blue-crocs-fashion-ad-01.webp,assets/images/gallery/e-commerce-main-image-pastel-blue-crocs-fashion-ad-01.webp,https://cdn.aigptimage.com/assets/images/gallery/e-commerce-main-image-pastel-blue-crocs-fashion-ad-01.webp,1800,2400,162038,docs/网站资料/gptimage2/提示词github原始资料/awesome-gpt-image-2-prompts-main/images/poster_case159/output.jpg
e-commerce-main-image-9-panel-product-tvc-storyboard,1,cover,e-commerce-main-image-9-panel-product-tvc-storyboard-01.webp,assets/images/gallery/e-commerce-main-image-9-panel-product-tvc-storyboard-01.webp,https://cdn.aigptimage.com/assets/images/gallery/e-commerce-main-image-9-panel-product-tvc-storyboard-01.webp,1800,3198,341834,docs/网站资料/gptimage2/提示词github原始资料/awesome-gpt-image-2-prompts-main/images/poster_case160/output.jpg
e-commerce-live-stream-ui-mockup,1,cover,e-commerce-live-stream-ui-mockup-01.webp,assets/images/gallery/e-commerce-live-stream-ui-mockup-01.webp,https://cdn.aigptimage.com/assets/images/gallery/e-commerce-live-stream-ui-mockup-01.webp,1800,1977,176572,docs/网站资料/gptimage2/提示词github原始资料/awesome-gpt-image-2-prompts-main/images/ui_case89/output.jpg
4-panel-japanese-digital-ad-banner-grid,1,cover,4-panel-japanese-digital-ad-banner-grid-01.webp,assets/images/gallery/4-panel-japanese-digital-ad-banner-grid-01.webp,https://cdn.aigptimage.com/assets/images/gallery/4-panel-japanese-digital-ad-banner-grid-01.webp,1800,1800,388520,docs/网站资料/gptimage2/提示词github原始资料/awesome-gpt-image-2-prompts-main/images/ui_case90/output.jpg
anime-character-brand-identity-merch-board,1,cover,anime-character-brand-identity-merch-board-01.webp,assets/images/gallery/anime-character-brand-identity-merch-board-01.webp,https://cdn.aigptimage.com/assets/images/gallery/anime-character-brand-identity-merch-board-01.webp,1800,2700,248352,docs/网站资料/gptimage2/提示词github原始资料/awesome-gpt-image-2-prompts-main/images/poster_case112/output.jpg
dark-mode-marketing-case-study-ui,1,cover,dark-mode-marketing-case-study-ui-01.webp,assets/images/gallery/dark-mode-marketing-case-study-ui-01.webp,https://cdn.aigptimage.com/assets/images/gallery/dark-mode-marketing-case-study-ui-01.webp,1800,3793,210086,docs/网站资料/gptimage2/提示词github原始资料/awesome-gpt-image-2-prompts-main/images/poster_case108/output.jpg
18-panel-mascot-brand-identity-document,1,cover,18-panel-mascot-brand-identity-document-01.webp,assets/images/gallery/18-panel-mascot-brand-identity-document-01.webp,https://cdn.aigptimage.com/assets/images/gallery/18-panel-mascot-brand-identity-document-01.webp,1800,2700,321620,docs/网站资料/gptimage2/提示词github原始资料/awesome-gpt-image-2-prompts-main/images/poster_case107/output.jpg
japanese-chinese-food-delivery-flyer,1,cover,japanese-chinese-food-delivery-flyer-01.webp,assets/images/gallery/japanese-chinese-food-delivery-flyer-01.webp,https://cdn.aigptimage.com/assets/images/gallery/japanese-chinese-food-delivery-flyer-01.webp,1800,2411,585696,docs/网站资料/gptimage2/提示词github原始资料/awesome-gpt-image-2-prompts-main/images/poster_case166/output.jpg
pastel-jellyfish-room-goods-poster,1,cover,pastel-jellyfish-room-goods-poster-01.webp,assets/images/gallery/pastel-jellyfish-room-goods-poster-01.webp,https://cdn.aigptimage.com/assets/images/gallery/pastel-jellyfish-room-goods-poster-01.webp,1800,2406,188902,docs/网站资料/gptimage2/提示词github原始资料/awesome-gpt-image-2-prompts-main/images/poster_case167/output.jpg
magical-seed-packet-diorama,1,cover,magical-seed-packet-diorama-01.webp,assets/images/gallery/magical-seed-packet-diorama-01.webp,https://cdn.aigptimage.com/assets/images/gallery/magical-seed-packet-diorama-01.webp,1800,1202,252728,docs/网站资料/gptimage2/提示词github原始资料/awesome-gpt-image-2-prompts-main/images/poster_case143/output.jpg
luxury-chronograph-watch-ad,1,cover,luxury-chronograph-watch-ad-01.webp,assets/images/gallery/luxury-chronograph-watch-ad-01.webp,https://cdn.aigptimage.com/assets/images/gallery/luxury-chronograph-watch-ad-01.webp,1800,1800,165732,docs/网站资料/gptimage2/提示词github原始资料/awesome-gpt-image-2-prompts-main/images/poster_case144/output.jpg
neon-nike-lumina-ad-poster,1,cover,neon-nike-lumina-ad-poster-01.webp,assets/images/gallery/neon-nike-lumina-ad-poster-01.webp,https://cdn.aigptimage.com/assets/images/gallery/neon-nike-lumina-ad-poster-01.webp,1800,2250,226378,docs/网站资料/gptimage2/提示词github原始资料/awesome-gpt-image-2-prompts-main/images/poster_case145/output.jpg
streetwear-sneaker-poster-ad,1,cover,streetwear-sneaker-poster-ad-01.webp,assets/images/gallery/streetwear-sneaker-poster-ad-01.webp,https://cdn.aigptimage.com/assets/images/gallery/streetwear-sneaker-poster-ad-01.webp,1800,2400,380820,docs/网站资料/gptimage2/提示词github原始资料/awesome-gpt-image-2-prompts-main/images/poster_case146/output.jpg
editorial-osaka-six-sweatshirt-ad,1,cover,editorial-osaka-six-sweatshirt-ad-01.webp,assets/images/gallery/editorial-osaka-six-sweatshirt-ad-01.webp,https://cdn.aigptimage.com/assets/images/gallery/editorial-osaka-six-sweatshirt-ad-01.webp,1800,3200,140054,docs/网站资料/gptimage2/提示词github原始资料/awesome-gpt-image-2-prompts-main/images/poster_case147/output.jpg
editorial-perfume-shot-on-moss,1,cover,editorial-perfume-shot-on-moss-01.webp,assets/images/gallery/editorial-perfume-shot-on-moss-01.webp,https://cdn.aigptimage.com/assets/images/gallery/editorial-perfume-shot-on-moss-01.webp,1800,2250,185748,docs/网站资料/gptimage2/提示词github原始资料/awesome-gpt-image-2-prompts-main/images/poster_case148/output.jpg
editorial-perfume-bottle-in-golden-fur,1,cover,editorial-perfume-bottle-in-golden-fur-01.webp,assets/images/gallery/editorial-perfume-bottle-in-golden-fur-01.webp,https://cdn.aigptimage.com/assets/images/gallery/editorial-perfume-bottle-in-golden-fur-01.webp,1800,2250,187448,docs/网站资料/gptimage2/提示词github原始资料/awesome-gpt-image-2-prompts-main/images/poster_case149/output.jpg
luxury-miniature-dubai-city-model,1,cover,luxury-miniature-dubai-city-model-01.webp,assets/images/gallery/luxury-miniature-dubai-city-model-01.webp,https://cdn.aigptimage.com/assets/images/gallery/luxury-miniature-dubai-city-model-01.webp,1800,1029,148164,docs/网站资料/gptimage2/提示词github原始资料/awesome-gpt-image-2-prompts-main/images/poster_case150/output.jpg
parody-luxury-product-advertisement,1,cover,parody-luxury-product-advertisement-01.webp,assets/images/gallery/parody-luxury-product-advertisement-01.webp,https://cdn.aigptimage.com/assets/images/gallery/parody-luxury-product-advertisement-01.webp,1800,2250,443626,docs/网站资料/gptimage2/提示词github原始资料/awesome-gpt-image-2-prompts-main/images/poster_case131/output.jpg
vr-headset-exploded-view-poster,1,cover,vr-headset-exploded-view-poster-01.webp,assets/images/gallery/vr-headset-exploded-view-poster-01.webp,https://cdn.aigptimage.com/assets/images/gallery/vr-headset-exploded-view-poster-01.webp,1800,2700,202648,docs/网站资料/gptimage2/提示词github原始资料/awesome-gpt-image-2-prompts-main/images/poster_case109/output.jpg
convenience-store-neon-portrait,1,cover,convenience-store-neon-portrait-01.webp,assets/images/gallery/convenience-store-neon-portrait-01.webp,https://cdn.aigptimage.com/assets/images/gallery/convenience-store-neon-portrait-01.webp,1800,2700,176602,docs/网站资料/gptimage2/提示词github原始资料/awesome-gpt-image-2-prompts-main/images/portrait_case1/output.jpg
cinematic-minimal-portrait,1,cover,cinematic-minimal-portrait-01.webp,assets/images/gallery/cinematic-minimal-portrait-01.webp,https://cdn.aigptimage.com/assets/images/gallery/cinematic-minimal-portrait-01.webp,1800,2700,91376,docs/网站资料/gptimage2/提示词github原始资料/awesome-gpt-image-2-prompts-main/images/portrait_case2/output.jpg
japanese-onsen-ryokan-portrait,1,cover,japanese-onsen-ryokan-portrait-01.webp,assets/images/gallery/japanese-onsen-ryokan-portrait-01.webp,https://cdn.aigptimage.com/assets/images/gallery/japanese-onsen-ryokan-portrait-01.webp,1800,2700,190024,docs/网站资料/gptimage2/提示词github原始资料/awesome-gpt-image-2-prompts-main/images/portrait_case3/output.jpg
35mm-flash-editorial-portrait,1,cover,35mm-flash-editorial-portrait-01.webp,assets/images/gallery/35mm-flash-editorial-portrait-01.webp,https://cdn.aigptimage.com/assets/images/gallery/35mm-flash-editorial-portrait-01.webp,1800,3198,190486,docs/网站资料/gptimage2/提示词github原始资料/awesome-gpt-image-2-prompts-main/images/portrait_case4/output.jpg
mirror-selfie-bedroom-portrait,1,cover,mirror-selfie-bedroom-portrait-01.webp,assets/images/gallery/mirror-selfie-bedroom-portrait-01.webp,https://cdn.aigptimage.com/assets/images/gallery/mirror-selfie-bedroom-portrait-01.webp,1800,2400,157778,docs/网站资料/gptimage2/提示词github原始资料/awesome-gpt-image-2-prompts-main/images/portrait_case5/output.jpg
soft-airy-35mm-portrait,1,cover,soft-airy-35mm-portrait-01.webp,assets/images/gallery/soft-airy-35mm-portrait-01.webp,https://cdn.aigptimage.com/assets/images/gallery/soft-airy-35mm-portrait-01.webp,1800,2400,251562,docs/网站资料/gptimage2/提示词github原始资料/awesome-gpt-image-2-prompts-main/images/portrait_case6/output.jpg
luxury-glam-beauty-portrait,1,cover,luxury-glam-beauty-portrait-01.webp,assets/images/gallery/luxury-glam-beauty-portrait-01.webp,https://cdn.aigptimage.com/assets/images/gallery/luxury-glam-beauty-portrait-01.webp,1800,2700,293394,docs/网站资料/gptimage2/提示词github原始资料/awesome-gpt-image-2-prompts-main/images/portrait_case7/output.jpg
9-16-cosplayer-portrait-screenshot,1,cover,9-16-cosplayer-portrait-screenshot-01.webp,assets/images/gallery/9-16-cosplayer-portrait-screenshot-01.webp,https://cdn.aigptimage.com/assets/images/gallery/9-16-cosplayer-portrait-screenshot-01.webp,1800,3224,251798,docs/网站资料/gptimage2/提示词github原始资料/awesome-gpt-image-2-prompts-main/images/portrait_case8/output.jpg
urban-turn-back-street-portrait,1,cover,urban-turn-back-street-portrait-01.webp,assets/images/gallery/urban-turn-back-street-portrait-01.webp,https://cdn.aigptimage.com/assets/images/gallery/urban-turn-back-street-portrait-01.webp,1800,2700,281480,docs/网站资料/gptimage2/提示词github原始资料/awesome-gpt-image-2-prompts-main/images/portrait_case9/output.jpg
sam-altman-skatepark-snapshot,1,cover,sam-altman-skatepark-snapshot-01.webp,assets/images/gallery/sam-altman-skatepark-snapshot-01.webp,https://cdn.aigptimage.com/assets/images/gallery/sam-altman-skatepark-snapshot-01.webp,1800,2775,151938,docs/网站资料/gptimage2/提示词github原始资料/awesome-gpt-image-2-prompts-main/images/portrait_case10/output.jpg
korean-idol-3x3-grid-portrait,1,cover,korean-idol-3x3-grid-portrait-01.webp,assets/images/gallery/korean-idol-3x3-grid-portrait-01.webp,https://cdn.aigptimage.com/assets/images/gallery/korean-idol-3x3-grid-portrait-01.webp,1800,3198,146104,docs/网站资料/gptimage2/提示词github原始资料/awesome-gpt-image-2-prompts-main/images/portrait_case11/output.jpg
ccd-camera-flash-korean-idol,1,cover,ccd-camera-flash-korean-idol-01.webp,assets/images/gallery/ccd-camera-flash-korean-idol-01.webp,https://cdn.aigptimage.com/assets/images/gallery/ccd-camera-flash-korean-idol-01.webp,1800,3198,144946,docs/网站资料/gptimage2/提示词github原始资料/awesome-gpt-image-2-prompts-main/images/portrait_case12/output.jpg
korean-idol-3x3-collage-portrait,1,cover,korean-idol-3x3-collage-portrait-01.webp,assets/images/gallery/korean-idol-3x3-collage-portrait-01.webp,https://cdn.aigptimage.com/assets/images/gallery/korean-idol-3x3-collage-portrait-01.webp,1800,3198,185930,docs/网站资料/gptimage2/提示词github原始资料/awesome-gpt-image-2-prompts-main/images/portrait_case13/output.jpg
soft-black-mist-editorial-portrait,1,cover,soft-black-mist-editorial-portrait-01.webp,assets/images/gallery/soft-black-mist-editorial-portrait-01.webp,https://cdn.aigptimage.com/assets/images/gallery/soft-black-mist-editorial-portrait-01.webp,1800,3198,116844,docs/网站资料/gptimage2/提示词github原始资料/awesome-gpt-image-2-prompts-main/images/portrait_case14/output.jpg
fujifilm-strawberry-school-portrait,1,cover,fujifilm-strawberry-school-portrait-01.webp,assets/images/gallery/fujifilm-strawberry-school-portrait-01.webp,https://cdn.aigptimage.com/assets/images/gallery/fujifilm-strawberry-school-portrait-01.webp,1800,3198,219506,docs/网站资料/gptimage2/提示词github原始资料/awesome-gpt-image-2-prompts-main/images/portrait_case15/output.jpg
soft-black-mist-idol-portrait,1,cover,soft-black-mist-idol-portrait-01.webp,assets/images/gallery/soft-black-mist-idol-portrait-01.webp,https://cdn.aigptimage.com/assets/images/gallery/soft-black-mist-idol-portrait-01.webp,1800,3198,85676,docs/网站资料/gptimage2/提示词github原始资料/awesome-gpt-image-2-prompts-main/images/portrait_case16/output.jpg
fujifilm-couple-portrait,1,cover,fujifilm-couple-portrait-01.webp,assets/images/gallery/fujifilm-couple-portrait-01.webp,https://cdn.aigptimage.com/assets/images/gallery/fujifilm-couple-portrait-01.webp,1800,3198,206020,docs/网站资料/gptimage2/提示词github原始资料/awesome-gpt-image-2-prompts-main/images/portrait_case17/output.jpg
ai-self-perception-portrait,1,cover,ai-self-perception-portrait-01.webp,assets/images/gallery/ai-self-perception-portrait-01.webp,https://cdn.aigptimage.com/assets/images/gallery/ai-self-perception-portrait-01.webp,1800,1440,162372,docs/网站资料/gptimage2/提示词github原始资料/awesome-gpt-image-2-prompts-main/images/portrait_case18/output.jpg
candid-bedroom-selfie-photorealistic-portrait,1,cover,candid-bedroom-selfie-photorealistic-portrait-01.webp,assets/images/gallery/candid-bedroom-selfie-photorealistic-portrait-01.webp,https://cdn.aigptimage.com/assets/images/gallery/candid-bedroom-selfie-photorealistic-portrait-01.webp,1800,2250,173488,docs/网站资料/gptimage2/提示词github原始资料/awesome-gpt-image-2-prompts-main/images/portrait_case26/output.jpg
musician-leaving-bodega-night-cinematic-portrait,1,cover,musician-leaving-bodega-night-cinematic-portrait-01.webp,assets/images/gallery/musician-leaving-bodega-night-cinematic-portrait-01.webp,https://cdn.aigptimage.com/assets/images/gallery/musician-leaving-bodega-night-cinematic-portrait-01.webp,1800,982,205540,docs/网站资料/gptimage2/提示词github原始资料/awesome-gpt-image-2-prompts-main/images/portrait_case27/output.jpg
old-delhi-sweet-shop-storefront-documentary-photo,1,cover,old-delhi-sweet-shop-storefront-documentary-photo-01.webp,assets/images/gallery/old-delhi-sweet-shop-storefront-documentary-photo-01.webp,https://cdn.aigptimage.com/assets/images/gallery/old-delhi-sweet-shop-storefront-documentary-photo-01.webp,1800,982,268346,docs/网站资料/gptimage2/提示词github原始资料/awesome-gpt-image-2-prompts-main/images/portrait_case28/output.jpg
cyberpunk-sci-fi-side-profile-portrait,1,cover,cyberpunk-sci-fi-side-profile-portrait-01.webp,assets/images/gallery/cyberpunk-sci-fi-side-profile-portrait-01.webp,https://cdn.aigptimage.com/assets/images/gallery/cyberpunk-sci-fi-side-profile-portrait-01.webp,1800,2250,301924,docs/网站资料/gptimage2/提示词github原始资料/awesome-gpt-image-2-prompts-main/images/portrait_case29/output.jpg
realistic-candid-bedroom-recording-portrait,1,cover,realistic-candid-bedroom-recording-portrait-01.webp,assets/images/gallery/realistic-candid-bedroom-recording-portrait-01.webp,https://cdn.aigptimage.com/assets/images/gallery/realistic-candid-bedroom-recording-portrait-01.webp,1800,2711,215694,docs/网站资料/gptimage2/提示词github原始资料/awesome-gpt-image-2-prompts-main/images/portrait_case30/output.jpg
toddler-crayon-scribble-art-style-portrait,1,cover,toddler-crayon-scribble-art-style-portrait-01.webp,assets/images/gallery/toddler-crayon-scribble-art-style-portrait-01.webp,https://cdn.aigptimage.com/assets/images/gallery/toddler-crayon-scribble-art-style-portrait-01.webp,1800,1350,284596,docs/网站资料/gptimage2/提示词github原始资料/awesome-gpt-image-2-prompts-main/images/portrait_case31/output.jpg
restored-vintage-mother-and-child-portrait,1,cover,restored-vintage-mother-and-child-portrait-01.webp,assets/images/gallery/restored-vintage-mother-and-child-portrait-01.webp,https://cdn.aigptimage.com/assets/images/gallery/restored-vintage-mother-and-child-portrait-01.webp,1800,1800,107360,docs/网站资料/gptimage2/提示词github原始资料/awesome-gpt-image-2-prompts-main/images/portrait_case82/output.jpg
damaged-vintage-mother-and-child-photo,1,cover,damaged-vintage-mother-and-child-photo-01.webp,assets/images/gallery/damaged-vintage-mother-and-child-photo-01.webp,https://cdn.aigptimage.com/assets/images/gallery/damaged-vintage-mother-and-child-photo-01.webp,1800,1902,138750,docs/网站资料/gptimage2/提示词github原始资料/awesome-gpt-image-2-prompts-main/images/portrait_case83/output.jpg
ink-etched-family-portrait,1,cover,ink-etched-family-portrait-01.webp,assets/images/gallery/ink-etched-family-portrait-01.webp,https://cdn.aigptimage.com/assets/images/gallery/ink-etched-family-portrait-01.webp,1800,2250,797674,docs/网站资料/gptimage2/提示词github原始资料/awesome-gpt-image-2-prompts-main/images/portrait_case84/output.jpg
vintage-engraved-hoodie-portrait,1,cover,vintage-engraved-hoodie-portrait-01.webp,assets/images/gallery/vintage-engraved-hoodie-portrait-01.webp,https://cdn.aigptimage.com/assets/images/gallery/vintage-engraved-hoodie-portrait-01.webp,1800,1800,454940,docs/网站资料/gptimage2/提示词github原始资料/awesome-gpt-image-2-prompts-main/images/portrait_case85/output.jpg
dreamy-backlit-editorial-portrait,1,cover,dreamy-backlit-editorial-portrait-01.webp,assets/images/gallery/dreamy-backlit-editorial-portrait-01.webp,https://cdn.aigptimage.com/assets/images/gallery/dreamy-backlit-editorial-portrait-01.webp,1800,3198,158734,docs/网站资料/gptimage2/提示词github原始资料/awesome-gpt-image-2-prompts-main/images/portrait_case86/output.jpg
3d-cartoon-character-render,1,cover,3d-cartoon-character-render-01.webp,assets/images/gallery/3d-cartoon-character-render-01.webp,https://cdn.aigptimage.com/assets/images/gallery/3d-cartoon-character-render-01.webp,1800,1800,101994,docs/网站资料/gptimage2/提示词github原始资料/awesome-gpt-image-2-prompts-main/images/portrait_case87/output.jpg
young-woman-in-sequin-dress-on-stairs,1,cover,young-woman-in-sequin-dress-on-stairs-01.webp,assets/images/gallery/young-woman-in-sequin-dress-on-stairs-01.webp,https://cdn.aigptimage.com/assets/images/gallery/young-woman-in-sequin-dress-on-stairs-01.webp,1800,2700,187880,docs/网站资料/gptimage2/提示词github原始资料/awesome-gpt-image-2-prompts-main/images/portrait_case88/output.jpg
luxury-studio-outfit-transformation,1,cover,luxury-studio-outfit-transformation-01.webp,assets/images/gallery/luxury-studio-outfit-transformation-01.webp,https://cdn.aigptimage.com/assets/images/gallery/luxury-studio-outfit-transformation-01.webp,1800,1800,48418,docs/网站资料/gptimage2/提示词github原始资料/awesome-gpt-image-2-prompts-main/images/portrait_case89/output.jpg
blonde-maid-in-warm-cafe,1,cover,blonde-maid-in-warm-cafe-01.webp,assets/images/gallery/blonde-maid-in-warm-cafe-01.webp,https://cdn.aigptimage.com/assets/images/gallery/blonde-maid-in-warm-cafe-01.webp,1800,2250,242782,docs/网站资料/gptimage2/提示词github原始资料/awesome-gpt-image-2-prompts-main/images/portrait_case90/output.jpg
dreamy-oriental-female-portrait-prompt,1,cover,dreamy-oriental-female-portrait-prompt-01.webp,assets/images/gallery/dreamy-oriental-female-portrait-prompt-01.webp,https://cdn.aigptimage.com/assets/images/gallery/dreamy-oriental-female-portrait-prompt-01.webp,1800,3198,421544,docs/网站资料/gptimage2/提示词github原始资料/awesome-gpt-image-2-prompts-main/images/portrait_case91/output.jpg
monochrome-hermes-inspired-avatar,1,cover,monochrome-hermes-inspired-avatar-01.webp,assets/images/gallery/monochrome-hermes-inspired-avatar-01.webp,https://cdn.aigptimage.com/assets/images/gallery/monochrome-hermes-inspired-avatar-01.webp,1800,1800,108054,docs/网站资料/gptimage2/提示词github原始资料/awesome-gpt-image-2-prompts-main/images/portrait_case92/output.jpg
cyber-crystal-anime-girl-portrait,1,cover,cyber-crystal-anime-girl-portrait-01.webp,assets/images/gallery/cyber-crystal-anime-girl-portrait-01.webp,https://cdn.aigptimage.com/assets/images/gallery/cyber-crystal-anime-girl-portrait-01.webp,1800,2700,533440,docs/网站资料/gptimage2/提示词github原始资料/awesome-gpt-image-2-prompts-main/images/portrait_case93/output.jpg
pastel-lavender-anime-girl-portrait,1,cover,pastel-lavender-anime-girl-portrait-01.webp,assets/images/gallery/pastel-lavender-anime-girl-portrait-01.webp,https://cdn.aigptimage.com/assets/images/gallery/pastel-lavender-anime-girl-portrait-01.webp,1800,2700,330166,docs/网站资料/gptimage2/提示词github原始资料/awesome-gpt-image-2-prompts-main/images/portrait_case94/output.jpg
lavender-ai-girl-in-memory-space,1,cover,lavender-ai-girl-in-memory-space-01.webp,assets/images/gallery/lavender-ai-girl-in-memory-space-01.webp,https://cdn.aigptimage.com/assets/images/gallery/lavender-ai-girl-in-memory-space-01.webp,1800,2700,340662,docs/网站资料/gptimage2/提示词github原始资料/awesome-gpt-image-2-prompts-main/images/portrait_case95/output.jpg
pastel-ai-assistant-anime-portrait,1,cover,pastel-ai-assistant-anime-portrait-01.webp,assets/images/gallery/pastel-ai-assistant-anime-portrait-01.webp,https://cdn.aigptimage.com/assets/images/gallery/pastel-ai-assistant-anime-portrait-01.webp,1800,2700,276716,docs/网站资料/gptimage2/提示词github原始资料/awesome-gpt-image-2-prompts-main/images/portrait_case96/output.jpg
dark-gatorade-style-portrait,1,cover,dark-gatorade-style-portrait-01.webp,assets/images/gallery/dark-gatorade-style-portrait-01.webp,https://cdn.aigptimage.com/assets/images/gallery/dark-gatorade-style-portrait-01.webp,1800,2809,218346,docs/网站资料/gptimage2/提示词github原始资料/awesome-gpt-image-2-prompts-main/images/portrait_case97/output.jpg
portrait-of-a-gentle-woman-with-glasses,1,cover,portrait-of-a-gentle-woman-with-glasses-01.webp,assets/images/gallery/portrait-of-a-gentle-woman-with-glasses-01.webp,https://cdn.aigptimage.com/assets/images/gallery/portrait-of-a-gentle-woman-with-glasses-01.webp,1800,3198,288780,docs/网站资料/gptimage2/提示词github原始资料/awesome-gpt-image-2-prompts-main/images/portrait_case98/output.jpg
dreamy-underwater-woman-with-translucent-fish,1,cover,dreamy-underwater-woman-with-translucent-fish-01.webp,assets/images/gallery/dreamy-underwater-woman-with-translucent-fish-01.webp,https://cdn.aigptimage.com/assets/images/gallery/dreamy-underwater-woman-with-translucent-fish-01.webp,1800,2250,151006,docs/网站资料/gptimage2/提示词github原始资料/awesome-gpt-image-2-prompts-main/images/portrait_case99/output.jpg
japanese-classroom-long-hair-snapshot,1,cover,japanese-classroom-long-hair-snapshot-01.webp,assets/images/gallery/japanese-classroom-long-hair-snapshot-01.webp,https://cdn.aigptimage.com/assets/images/gallery/japanese-classroom-long-hair-snapshot-01.webp,1800,2250,200234,docs/网站资料/gptimage2/提示词github原始资料/awesome-gpt-image-2-prompts-main/images/portrait_case100/output.jpg
cozy-catgirl-pajama-night-portrait,1,cover,cozy-catgirl-pajama-night-portrait-01.webp,assets/images/gallery/cozy-catgirl-pajama-night-portrait-01.webp,https://cdn.aigptimage.com/assets/images/gallery/cozy-catgirl-pajama-night-portrait-01.webp,1800,2250,175988,docs/网站资料/gptimage2/提示词github原始资料/awesome-gpt-image-2-prompts-main/images/portrait_case101/output.jpg
boston-spring-2026-city-poster,1,cover,boston-spring-2026-city-poster-01.webp,assets/images/gallery/boston-spring-2026-city-poster-01.webp,https://cdn.aigptimage.com/assets/images/gallery/boston-spring-2026-city-poster-01.webp,1800,2700,348312,docs/网站资料/gptimage2/提示词github原始资料/awesome-gpt-image-2-prompts-main/images/poster_case1/output.jpg
vintage-amalfi-travel-poster,1,cover,vintage-amalfi-travel-poster-01.webp,assets/images/gallery/vintage-amalfi-travel-poster-01.webp,https://cdn.aigptimage.com/assets/images/gallery/vintage-amalfi-travel-poster-01.webp,1800,2700,490676,docs/网站资料/gptimage2/提示词github原始资料/awesome-gpt-image-2-prompts-main/images/poster_case2/output.jpg
chengdu-food-map-illustration,1,cover,chengdu-food-map-illustration-01.webp,assets/images/gallery/chengdu-food-map-illustration-01.webp,https://cdn.aigptimage.com/assets/images/gallery/chengdu-food-map-illustration-01.webp,1800,1800,480662,docs/网站资料/gptimage2/提示词github原始资料/awesome-gpt-image-2-prompts-main/images/poster_case3/output.jpg
chinese-minimalist-s-shaped-poster,1,cover,chinese-minimalist-s-shaped-poster-01.webp,assets/images/gallery/chinese-minimalist-s-shaped-poster-01.webp,https://cdn.aigptimage.com/assets/images/gallery/chinese-minimalist-s-shaped-poster-01.webp,1800,3198,280856,docs/网站资料/gptimage2/提示词github原始资料/awesome-gpt-image-2-prompts-main/images/poster_case4/output.jpg
2026-spring-guangzhou-city-poster,1,cover,2026-spring-guangzhou-city-poster-01.webp,assets/images/gallery/2026-spring-guangzhou-city-poster-01.webp,https://cdn.aigptimage.com/assets/images/gallery/2026-spring-guangzhou-city-poster-01.webp,1800,3198,511544,docs/网站资料/gptimage2/提示词github原始资料/awesome-gpt-image-2-prompts-main/images/poster_case5/output.jpg
doodle-sketch-ai-builder,1,cover,doodle-sketch-ai-builder-01.webp,assets/images/gallery/doodle-sketch-ai-builder-01.webp,https://cdn.aigptimage.com/assets/images/gallery/doodle-sketch-ai-builder-01.webp,1800,1200,244956,docs/网站资料/gptimage2/提示词github原始资料/awesome-gpt-image-2-prompts-main/images/poster_case7/output.jpg
futuristic-mandala-illustration,1,cover,futuristic-mandala-illustration-01.webp,assets/images/gallery/futuristic-mandala-illustration-01.webp,https://cdn.aigptimage.com/assets/images/gallery/futuristic-mandala-illustration-01.webp,1800,1800,440914,docs/网站资料/gptimage2/提示词github原始资料/awesome-gpt-image-2-prompts-main/images/poster_case8/output.jpg
super-famicom-poster-style,1,cover,super-famicom-poster-style-01.webp,assets/images/gallery/super-famicom-poster-style-01.webp,https://cdn.aigptimage.com/assets/images/gallery/super-famicom-poster-style-01.webp,1800,1200,296038,docs/网站资料/gptimage2/提示词github原始资料/awesome-gpt-image-2-prompts-main/images/poster_case9/output.jpg
browser-game-ad-creative-poster,1,cover,browser-game-ad-creative-poster-01.webp,assets/images/gallery/browser-game-ad-creative-poster-01.webp,https://cdn.aigptimage.com/assets/images/gallery/browser-game-ad-creative-poster-01.webp,1800,2548,299066,docs/网站资料/gptimage2/提示词github原始资料/awesome-gpt-image-2-prompts-main/images/poster_case10/output.jpg
surreal-koi-nebula-illustration,1,cover,surreal-koi-nebula-illustration-01.webp,assets/images/gallery/surreal-koi-nebula-illustration-01.webp,https://cdn.aigptimage.com/assets/images/gallery/surreal-koi-nebula-illustration-01.webp,1800,2700,378386,docs/网站资料/gptimage2/提示词github原始资料/awesome-gpt-image-2-prompts-main/images/poster_case11/output.jpg
ink-curve-guangzhou-aesthetics-poster,1,cover,ink-curve-guangzhou-aesthetics-poster-01.webp,assets/images/gallery/ink-curve-guangzhou-aesthetics-poster-01.webp,https://cdn.aigptimage.com/assets/images/gallery/ink-curve-guangzhou-aesthetics-poster-01.webp,1800,3198,531822,docs/网站资料/gptimage2/提示词github原始资料/awesome-gpt-image-2-prompts-main/images/poster_case12/output.jpg
guangdong-super-league-invitation-poster,1,cover,guangdong-super-league-invitation-poster-01.webp,assets/images/gallery/guangdong-super-league-invitation-poster-01.webp,https://cdn.aigptimage.com/assets/images/gallery/guangdong-super-league-invitation-poster-01.webp,1800,3198,453522,docs/网站资料/gptimage2/提示词github原始资料/awesome-gpt-image-2-prompts-main/images/poster_case13/output.jpg
spring-2026-guangzhou-promo-poster,1,cover,spring-2026-guangzhou-promo-poster-01.webp,assets/images/gallery/spring-2026-guangzhou-promo-poster-01.webp,https://cdn.aigptimage.com/assets/images/gallery/spring-2026-guangzhou-promo-poster-01.webp,1800,3198,511544,docs/网站资料/gptimage2/提示词github原始资料/awesome-gpt-image-2-prompts-main/images/poster_case14/output.jpg
epic-silhouette-world-poster,1,cover,epic-silhouette-world-poster-01.webp,assets/images/gallery/epic-silhouette-world-poster-01.webp,https://cdn.aigptimage.com/assets/images/gallery/epic-silhouette-world-poster-01.webp,1800,2700,341626,docs/网站资料/gptimage2/提示词github原始资料/awesome-gpt-image-2-prompts-main/images/poster_case15/output.jpg
spring-guangzhou-city-poster,1,cover,spring-guangzhou-city-poster-01.webp,assets/images/gallery/spring-guangzhou-city-poster-01.webp,https://cdn.aigptimage.com/assets/images/gallery/spring-guangzhou-city-poster-01.webp,1800,3200,631910,docs/网站资料/gptimage2/提示词github原始资料/awesome-gpt-image-2-prompts-main/images/poster_case24/output.jpg
science-encyclopedia-vertical-poster,1,cover,science-encyclopedia-vertical-poster-01.webp,assets/images/gallery/science-encyclopedia-vertical-poster-01.webp,https://cdn.aigptimage.com/assets/images/gallery/science-encyclopedia-vertical-poster-01.webp,1800,2700,337630,docs/网站资料/gptimage2/提示词github原始资料/awesome-gpt-image-2-prompts-main/images/poster_case32/output.jpg
journey-to-the-west-chinese-comic,1,cover,journey-to-the-west-chinese-comic-01.webp,assets/images/gallery/journey-to-the-west-chinese-comic-01.webp,https://cdn.aigptimage.com/assets/images/gallery/journey-to-the-west-chinese-comic-01.webp,1800,1440,506138,docs/网站资料/gptimage2/提示词github原始资料/awesome-gpt-image-2-prompts-main/images/poster_case33/output.jpg
character-relationship-map-poster,1,cover,character-relationship-map-poster-01.webp,assets/images/gallery/character-relationship-map-poster-01.webp,https://cdn.aigptimage.com/assets/images/gallery/character-relationship-map-poster-01.webp,1800,2250,452268,docs/网站资料/gptimage2/提示词github原始资料/awesome-gpt-image-2-prompts-main/images/poster_case34/output.jpg
new-chinese-ink-landscape-poster,1,cover,new-chinese-ink-landscape-poster-01.webp,assets/images/gallery/new-chinese-ink-landscape-poster-01.webp,https://cdn.aigptimage.com/assets/images/gallery/new-chinese-ink-landscape-poster-01.webp,1800,2700,162612,docs/网站资料/gptimage2/提示词github原始资料/awesome-gpt-image-2-prompts-main/images/poster_case35/output.jpg
ai-builder-doodle-sketch,1,cover,ai-builder-doodle-sketch-01.webp,assets/images/gallery/ai-builder-doodle-sketch-01.webp,https://cdn.aigptimage.com/assets/images/gallery/ai-builder-doodle-sketch-01.webp,1800,1202,250032,docs/网站资料/gptimage2/提示词github原始资料/awesome-gpt-image-2-prompts-main/images/poster_case36/output.jpg
character-visual-vertical-poster,1,cover,character-visual-vertical-poster-01.webp,assets/images/gallery/character-visual-vertical-poster-01.webp,https://cdn.aigptimage.com/assets/images/gallery/character-visual-vertical-poster-01.webp,1800,2540,298406,docs/网站资料/gptimage2/提示词github原始资料/awesome-gpt-image-2-prompts-main/images/poster_case38/output.jpg
science-encyclopedia-infographic,1,cover,science-encyclopedia-infographic-01.webp,assets/images/gallery/science-encyclopedia-infographic-01.webp,https://cdn.aigptimage.com/assets/images/gallery/science-encyclopedia-infographic-01.webp,1800,2250,357328,docs/网站资料/gptimage2/提示词github原始资料/awesome-gpt-image-2-prompts-main/images/poster_case39/output.jpg
fictional-anime-movie-poster,1,cover,fictional-anime-movie-poster-01.webp,assets/images/gallery/fictional-anime-movie-poster-01.webp,https://cdn.aigptimage.com/assets/images/gallery/fictional-anime-movie-poster-01.webp,1800,2548,465798,docs/网站资料/gptimage2/提示词github原始资料/awesome-gpt-image-2-prompts-main/images/poster_case40/output.jpg
product-ad-redesign,1,cover,product-ad-redesign-01.webp,assets/images/gallery/product-ad-redesign-01.webp,https://cdn.aigptimage.com/assets/images/gallery/product-ad-redesign-01.webp,1800,2548,267988,docs/网站资料/gptimage2/提示词github原始资料/awesome-gpt-image-2-prompts-main/images/poster_case41/output.jpg
dark-fantasy-guangzhou-city-poster,1,cover,dark-fantasy-guangzhou-city-poster-01.webp,assets/images/gallery/dark-fantasy-guangzhou-city-poster-01.webp,https://cdn.aigptimage.com/assets/images/gallery/dark-fantasy-guangzhou-city-poster-01.webp,1800,2700,378386,docs/网站资料/gptimage2/提示词github原始资料/awesome-gpt-image-2-prompts-main/images/poster_case42/output.jpg
science-fiction-movie-poster,1,cover,science-fiction-movie-poster-01.webp,assets/images/gallery/science-fiction-movie-poster-01.webp,https://cdn.aigptimage.com/assets/images/gallery/science-fiction-movie-poster-01.webp,1800,2700,256630,docs/网站资料/gptimage2/提示词github原始资料/awesome-gpt-image-2-prompts-main/images/poster_case45/output.jpg
refreshing-summer-udon-ad,1,cover,refreshing-summer-udon-ad-01.webp,assets/images/gallery/refreshing-summer-udon-ad-01.webp,https://cdn.aigptimage.com/assets/images/gallery/refreshing-summer-udon-ad-01.webp,1800,2400,332762,docs/网站资料/gptimage2/提示词github原始资料/awesome-gpt-image-2-prompts-main/images/poster_case46/output.jpg
handwritten-medical-prescription-sheet,1,cover,handwritten-medical-prescription-sheet-01.webp,assets/images/gallery/handwritten-medical-prescription-sheet-01.webp,https://cdn.aigptimage.com/assets/images/gallery/handwritten-medical-prescription-sheet-01.webp,1800,2401,233898,docs/网站资料/gptimage2/提示词github原始资料/awesome-gpt-image-2-prompts-main/images/poster_case47/output.jpg
silicon-valley-2026-promo-poster,1,cover,silicon-valley-2026-promo-poster-01.webp,assets/images/gallery/silicon-valley-2026-promo-poster-01.webp,https://cdn.aigptimage.com/assets/images/gallery/silicon-valley-2026-promo-poster-01.webp,1800,3198,436128,docs/网站资料/gptimage2/提示词github原始资料/awesome-gpt-image-2-prompts-main/images/poster_case48/output.jpg
japanese-supermarket-sale-flyer,1,cover,japanese-supermarket-sale-flyer-01.webp,assets/images/gallery/japanese-supermarket-sale-flyer-01.webp,https://cdn.aigptimage.com/assets/images/gallery/japanese-supermarket-sale-flyer-01.webp,1800,2700,704464,docs/网站资料/gptimage2/提示词github原始资料/awesome-gpt-image-2-prompts-main/images/poster_case49/output.jpg
dark-epic-concept-poster,1,cover,dark-epic-concept-poster-01.webp,assets/images/gallery/dark-epic-concept-poster-01.webp,https://cdn.aigptimage.com/assets/images/gallery/dark-epic-concept-poster-01.webp,1800,2700,237808,docs/网站资料/gptimage2/提示词github原始资料/awesome-gpt-image-2-prompts-main/images/poster_case50/output.jpg
pilates-studio-ad-poster,1,cover,pilates-studio-ad-poster-01.webp,assets/images/gallery/pilates-studio-ad-poster-01.webp,https://cdn.aigptimage.com/assets/images/gallery/pilates-studio-ad-poster-01.webp,1800,1800,153662,docs/网站资料/gptimage2/提示词github原始资料/awesome-gpt-image-2-prompts-main/images/poster_case51/output.jpg
6-block-fashion-campaign-prompt-formula,1,cover,6-block-fashion-campaign-prompt-formula-01.webp,assets/images/gallery/6-block-fashion-campaign-prompt-formula-01.webp,https://cdn.aigptimage.com/assets/images/gallery/6-block-fashion-campaign-prompt-formula-01.webp,1800,1013,170476,docs/网站资料/gptimage2/提示词github原始资料/awesome-gpt-image-2-prompts-main/images/poster_case57/output.jpg
sony-a7-exploded-view-breakdown-prompt,1,cover,sony-a7-exploded-view-breakdown-prompt-01.webp,assets/images/gallery/sony-a7-exploded-view-breakdown-prompt-01.webp,https://cdn.aigptimage.com/assets/images/gallery/sony-a7-exploded-view-breakdown-prompt-01.webp,1800,2400,252352,docs/网站资料/gptimage2/提示词github原始资料/awesome-gpt-image-2-prompts-main/images/poster_case58/output.jpg
1900-istiklal-street-panorama-prompt,1,cover,1900-istiklal-street-panorama-prompt-01.webp,assets/images/gallery/1900-istiklal-street-panorama-prompt-01.webp,https://cdn.aigptimage.com/assets/images/gallery/1900-istiklal-street-panorama-prompt-01.webp,1800,893,150306,docs/网站资料/gptimage2/提示词github原始资料/awesome-gpt-image-2-prompts-main/images/poster_case59/output.jpg
theme-science-encyclopedia-card,1,cover,theme-science-encyclopedia-card-01.webp,assets/images/gallery/theme-science-encyclopedia-card-01.webp,https://cdn.aigptimage.com/assets/images/gallery/theme-science-encyclopedia-card-01.webp,1800,2250,334936,docs/网站资料/gptimage2/提示词github原始资料/awesome-gpt-image-2-prompts-main/images/poster_case54/output.jpg
chili-pork-cooking-flowchart,1,cover,chili-pork-cooking-flowchart-01.webp,assets/images/gallery/chili-pork-cooking-flowchart-01.webp,https://cdn.aigptimage.com/assets/images/gallery/chili-pork-cooking-flowchart-01.webp,1800,2400,353184,docs/网站资料/gptimage2/提示词github原始资料/awesome-gpt-image-2-prompts-main/images/poster_case55/output.jpg
cinematic-infographic-concept-poster,1,cover,cinematic-infographic-concept-poster-01.webp,assets/images/gallery/cinematic-infographic-concept-poster-01.webp,https://cdn.aigptimage.com/assets/images/gallery/cinematic-infographic-concept-poster-01.webp,1800,2700,378526,docs/网站资料/gptimage2/提示词github原始资料/awesome-gpt-image-2-prompts-main/images/poster_case56/output.jpg
360-equirectangular-panorama-image,1,cover,360-equirectangular-panorama-image-01.webp,assets/images/gallery/360-equirectangular-panorama-image-01.webp,https://cdn.aigptimage.com/assets/images/gallery/360-equirectangular-panorama-image-01.webp,1800,2700,191948,docs/网站资料/gptimage2/提示词github原始资料/awesome-gpt-image-2-prompts-main/images/poster_case75/output.jpg
360-equirectangular-panorama-image,2,variant,360-equirectangular-panorama-image-02.webp,assets/images/gallery/360-equirectangular-panorama-image-02.webp,https://cdn.aigptimage.com/assets/images/gallery/360-equirectangular-panorama-image-02.webp,1800,862,64640,docs/网站资料/gptimage2/提示词github原始资料/awesome-gpt-image-2-prompts-main/images/poster_case75/output1.jpg
luxury-sportswear-basketball-athlete-campaign-poster,1,cover,luxury-sportswear-basketball-athlete-campaign-poster-01.webp,assets/images/gallery/luxury-sportswear-basketball-athlete-campaign-poster-01.webp,https://cdn.aigptimage.com/assets/images/gallery/luxury-sportswear-basketball-athlete-campaign-poster-01.webp,1800,1800,84830,docs/网站资料/gptimage2/提示词github原始资料/awesome-gpt-image-2-prompts-main/images/poster_case70/output.jpg
streetwear-fashion-campaign-asian-apparel-poster,1,cover,streetwear-fashion-campaign-asian-apparel-poster-01.webp,assets/images/gallery/streetwear-fashion-campaign-asian-apparel-poster-01.webp,https://cdn.aigptimage.com/assets/images/gallery/streetwear-fashion-campaign-asian-apparel-poster-01.webp,1800,3200,176500,docs/网站资料/gptimage2/提示词github原始资料/awesome-gpt-image-2-prompts-main/images/poster_case71/output.jpg
epic-career-moments-cinematic-poster-template,1,cover,epic-career-moments-cinematic-poster-template-01.webp,assets/images/gallery/epic-career-moments-cinematic-poster-template-01.webp,https://cdn.aigptimage.com/assets/images/gallery/epic-career-moments-cinematic-poster-template-01.webp,1800,2250,454246,docs/网站资料/gptimage2/提示词github原始资料/awesome-gpt-image-2-prompts-main/images/poster_case72/output.jpg
avant-garde-basketball-sculpture-sports-fashion-ad,1,cover,avant-garde-basketball-sculpture-sports-fashion-ad-01.webp,assets/images/gallery/avant-garde-basketball-sculpture-sports-fashion-ad-01.webp,https://cdn.aigptimage.com/assets/images/gallery/avant-garde-basketball-sculpture-sports-fashion-ad-01.webp,1800,1800,205284,docs/网站资料/gptimage2/提示词github原始资料/awesome-gpt-image-2-prompts-main/images/poster_case73/output.jpg
avant-garde-tennis-racket-sculpture-sports-fashion-ad,1,cover,avant-garde-tennis-racket-sculpture-sports-fashion-ad-01.webp,assets/images/gallery/avant-garde-tennis-racket-sculpture-sports-fashion-ad-01.webp,https://cdn.aigptimage.com/assets/images/gallery/avant-garde-tennis-racket-sculpture-sports-fashion-ad-01.webp,1800,1800,93288,docs/网站资料/gptimage2/提示词github原始资料/awesome-gpt-image-2-prompts-main/images/poster_case74/output.jpg
surrealist-liquor-brand-high-fashion-poster,1,cover,surrealist-liquor-brand-high-fashion-poster-01.webp,assets/images/gallery/surrealist-liquor-brand-high-fashion-poster-01.webp,https://cdn.aigptimage.com/assets/images/gallery/surrealist-liquor-brand-high-fashion-poster-01.webp,1800,2700,191948,docs/网站资料/gptimage2/提示词github原始资料/awesome-gpt-image-2-prompts-main/images/poster_case75/output.jpg
surrealist-liquor-brand-high-fashion-poster,2,variant,surrealist-liquor-brand-high-fashion-poster-02.webp,assets/images/gallery/surrealist-liquor-brand-high-fashion-poster-02.webp,https://cdn.aigptimage.com/assets/images/gallery/surrealist-liquor-brand-high-fashion-poster-02.webp,1800,862,64640,docs/网站资料/gptimage2/提示词github原始资料/awesome-gpt-image-2-prompts-main/images/poster_case75/output1.jpg
premium-food-recipe-poster-elegant-layout,1,cover,premium-food-recipe-poster-elegant-layout-01.webp,assets/images/gallery/premium-food-recipe-poster-elegant-layout-01.webp,https://cdn.aigptimage.com/assets/images/gallery/premium-food-recipe-poster-elegant-layout-01.webp,1800,2699,493332,docs/网站资料/gptimage2/提示词github原始资料/awesome-gpt-image-2-prompts-main/images/poster_case76/output.jpg
luxury-fashion-magazine-cover-black-and-white,1,cover,luxury-fashion-magazine-cover-black-and-white-01.webp,assets/images/gallery/luxury-fashion-magazine-cover-black-and-white-01.webp,https://cdn.aigptimage.com/assets/images/gallery/luxury-fashion-magazine-cover-black-and-white-01.webp,1800,2700,294302,docs/网站资料/gptimage2/提示词github原始资料/awesome-gpt-image-2-prompts-main/images/poster_case77/output.jpg
surrealist-rolex-luxury-watch-fashion-poster,1,cover,surrealist-rolex-luxury-watch-fashion-poster-01.webp,assets/images/gallery/surrealist-rolex-luxury-watch-fashion-poster-01.webp,https://cdn.aigptimage.com/assets/images/gallery/surrealist-rolex-luxury-watch-fashion-poster-01.webp,1800,2400,163514,docs/网站资料/gptimage2/提示词github原始资料/awesome-gpt-image-2-prompts-main/images/poster_case78/output.jpg
peacock-botanical-vintage-symmetrical-art-print,1,cover,peacock-botanical-vintage-symmetrical-art-print-01.webp,assets/images/gallery/peacock-botanical-vintage-symmetrical-art-print-01.webp,https://cdn.aigptimage.com/assets/images/gallery/peacock-botanical-vintage-symmetrical-art-print-01.webp,1800,1200,508698,docs/网站资料/gptimage2/提示词github原始资料/awesome-gpt-image-2-prompts-main/images/poster_case79/output.jpg
splash-fashion-brand-hyper-realistic-campaign-poster,1,cover,splash-fashion-brand-hyper-realistic-campaign-poster-01.webp,assets/images/gallery/splash-fashion-brand-hyper-realistic-campaign-poster-01.webp,https://cdn.aigptimage.com/assets/images/gallery/splash-fashion-brand-hyper-realistic-campaign-poster-01.webp,1800,2549,238226,docs/网站资料/gptimage2/提示词github原始资料/awesome-gpt-image-2-prompts-main/images/poster_case80/output.jpg
avant-garde-guitar-sculpture-fashion-advertisement,1,cover,avant-garde-guitar-sculpture-fashion-advertisement-01.webp,assets/images/gallery/avant-garde-guitar-sculpture-fashion-advertisement-01.webp,https://cdn.aigptimage.com/assets/images/gallery/avant-garde-guitar-sculpture-fashion-advertisement-01.webp,1800,1350,114172,docs/网站资料/gptimage2/提示词github原始资料/awesome-gpt-image-2-prompts-main/images/poster_case81/output.jpg
illustrated-city-food-map,1,cover,illustrated-city-food-map-01.webp,assets/images/gallery/illustrated-city-food-map-01.webp,https://cdn.aigptimage.com/assets/images/gallery/illustrated-city-food-map-01.webp,1800,1800,479632,docs/网站资料/gptimage2/提示词github原始资料/awesome-gpt-image-2-prompts-main/images/poster_case110/output.jpg
3d-stone-staircase-evolution-infographic,1,cover,3d-stone-staircase-evolution-infographic-01.webp,assets/images/gallery/3d-stone-staircase-evolution-infographic-01.webp,https://cdn.aigptimage.com/assets/images/gallery/3d-stone-staircase-evolution-infographic-01.webp,1800,3198,342944,docs/网站资料/gptimage2/提示词github原始资料/awesome-gpt-image-2-prompts-main/images/poster_case111/output.jpg
biomimetic-skyray-aircraft-poster,1,cover,biomimetic-skyray-aircraft-poster-01.webp,assets/images/gallery/biomimetic-skyray-aircraft-poster-01.webp,https://cdn.aigptimage.com/assets/images/gallery/biomimetic-skyray-aircraft-poster-01.webp,1800,3793,197860,docs/网站资料/gptimage2/提示词github原始资料/awesome-gpt-image-2-prompts-main/images/poster_case119/output.jpg
taoist-three-souls-seven-po-poster,1,cover,taoist-three-souls-seven-po-poster-01.webp,assets/images/gallery/taoist-three-souls-seven-po-poster-01.webp,https://cdn.aigptimage.com/assets/images/gallery/taoist-three-souls-seven-po-poster-01.webp,1800,2700,575540,docs/网站资料/gptimage2/提示词github原始资料/awesome-gpt-image-2-prompts-main/images/poster_case120/output.jpg
vintage-claude-shannon-infographic-poster,1,cover,vintage-claude-shannon-infographic-poster-01.webp,assets/images/gallery/vintage-claude-shannon-infographic-poster-01.webp,https://cdn.aigptimage.com/assets/images/gallery/vintage-claude-shannon-infographic-poster-01.webp,1800,1274,260516,docs/网站资料/gptimage2/提示词github原始资料/awesome-gpt-image-2-prompts-main/images/poster_case121/output.jpg
ink-wash-tribute-poster-for-chen-uen,1,cover,ink-wash-tribute-poster-for-chen-uen-01.webp,assets/images/gallery/ink-wash-tribute-poster-for-chen-uen-01.webp,https://cdn.aigptimage.com/assets/images/gallery/ink-wash-tribute-poster-for-chen-uen-01.webp,1800,2545,537166,docs/网站资料/gptimage2/提示词github原始资料/awesome-gpt-image-2-prompts-main/images/poster_case122/output.jpg
water-signs-zodiac-character-poster,1,cover,water-signs-zodiac-character-poster-01.webp,assets/images/gallery/water-signs-zodiac-character-poster-01.webp,https://cdn.aigptimage.com/assets/images/gallery/water-signs-zodiac-character-poster-01.webp,1800,2546,270236,docs/网站资料/gptimage2/提示词github原始资料/awesome-gpt-image-2-prompts-main/images/poster_case123/output.jpg
earth-signs-zodiac-character-poster,1,cover,earth-signs-zodiac-character-poster-01.webp,assets/images/gallery/earth-signs-zodiac-character-poster-01.webp,https://cdn.aigptimage.com/assets/images/gallery/earth-signs-zodiac-character-poster-01.webp,1800,2546,271056,docs/网站资料/gptimage2/提示词github原始资料/awesome-gpt-image-2-prompts-main/images/poster_case124/output.jpg
fire-sign-zodiac-character-poster,1,cover,fire-sign-zodiac-character-poster-01.webp,assets/images/gallery/fire-sign-zodiac-character-poster-01.webp,https://cdn.aigptimage.com/assets/images/gallery/fire-sign-zodiac-character-poster-01.webp,1800,2546,251522,docs/网站资料/gptimage2/提示词github原始资料/awesome-gpt-image-2-prompts-main/images/poster_case125/output.jpg
air-sign-zodiac-character-poster,1,cover,air-sign-zodiac-character-poster-01.webp,assets/images/gallery/air-sign-zodiac-character-poster-01.webp,https://cdn.aigptimage.com/assets/images/gallery/air-sign-zodiac-character-poster-01.webp,1800,2546,229994,docs/网站资料/gptimage2/提示词github原始资料/awesome-gpt-image-2-prompts-main/images/poster_case126/output.jpg
ethnographic-plate-for-tibetan-ceremonial-hat,1,cover,ethnographic-plate-for-tibetan-ceremonial-hat-01.webp,assets/images/gallery/ethnographic-plate-for-tibetan-ceremonial-hat-01.webp,https://cdn.aigptimage.com/assets/images/gallery/ethnographic-plate-for-tibetan-ceremonial-hat-01.webp,1800,2700,444768,docs/网站资料/gptimage2/提示词github原始资料/awesome-gpt-image-2-prompts-main/images/poster_case127/output.jpg
vintage-prs-guitar-lineage-poster,1,cover,vintage-prs-guitar-lineage-poster-01.webp,assets/images/gallery/vintage-prs-guitar-lineage-poster-01.webp,https://cdn.aigptimage.com/assets/images/gallery/vintage-prs-guitar-lineage-poster-01.webp,1800,2700,448032,docs/网站资料/gptimage2/提示词github原始资料/awesome-gpt-image-2-prompts-main/images/poster_case128/output.jpg
alishan-one-day-travel-poster,1,cover,alishan-one-day-travel-poster-01.webp,assets/images/gallery/alishan-one-day-travel-poster-01.webp,https://cdn.aigptimage.com/assets/images/gallery/alishan-one-day-travel-poster-01.webp,1800,2700,600412,docs/网站资料/gptimage2/提示词github原始资料/awesome-gpt-image-2-prompts-main/images/poster_case129/output.jpg
dance-movement-reference-sheet,1,cover,dance-movement-reference-sheet-01.webp,assets/images/gallery/dance-movement-reference-sheet-01.webp,https://cdn.aigptimage.com/assets/images/gallery/dance-movement-reference-sheet-01.webp,1800,1019,120098,docs/网站资料/gptimage2/提示词github原始资料/awesome-gpt-image-2-prompts-main/images/poster_case130/output.jpg
anime-museum-background-conversion,1,cover,anime-museum-background-conversion-01.webp,assets/images/gallery/anime-museum-background-conversion-01.webp,https://cdn.aigptimage.com/assets/images/gallery/anime-museum-background-conversion-01.webp,1800,1206,180394,docs/网站资料/gptimage2/提示词github原始资料/awesome-gpt-image-2-prompts-main/images/poster_case132/output.jpg
16-pose-dance-combat-reference-sheet,1,cover,16-pose-dance-combat-reference-sheet-01.webp,assets/images/gallery/16-pose-dance-combat-reference-sheet-01.webp,https://cdn.aigptimage.com/assets/images/gallery/16-pose-dance-combat-reference-sheet-01.webp,1800,1021,82234,docs/网站资料/gptimage2/提示词github原始资料/awesome-gpt-image-2-prompts-main/images/poster_case133/output.jpg
16-panel-dance-pose-reference-sheet,1,cover,16-panel-dance-pose-reference-sheet-01.webp,assets/images/gallery/16-panel-dance-pose-reference-sheet-01.webp,https://cdn.aigptimage.com/assets/images/gallery/16-panel-dance-pose-reference-sheet-01.webp,1800,1020,71782,docs/网站资料/gptimage2/提示词github原始资料/awesome-gpt-image-2-prompts-main/images/poster_case134/output.jpg
16-panel-female-dance-pose-sheet,1,cover,16-panel-female-dance-pose-sheet-01.webp,assets/images/gallery/16-panel-female-dance-pose-sheet-01.webp,https://cdn.aigptimage.com/assets/images/gallery/16-panel-female-dance-pose-sheet-01.webp,1800,1020,68824,docs/网站资料/gptimage2/提示词github原始资料/awesome-gpt-image-2-prompts-main/images/poster_case135/output.jpg
16-pose-dance-reference-sheet,1,cover,16-pose-dance-reference-sheet-01.webp,assets/images/gallery/16-pose-dance-reference-sheet-01.webp,https://cdn.aigptimage.com/assets/images/gallery/16-pose-dance-reference-sheet-01.webp,1800,1021,67890,docs/网站资料/gptimage2/提示词github原始资料/awesome-gpt-image-2-prompts-main/images/poster_case136/output.jpg
gas-giant-descent-storyboard,1,cover,gas-giant-descent-storyboard-01.webp,assets/images/gallery/gas-giant-descent-storyboard-01.webp,https://cdn.aigptimage.com/assets/images/gallery/gas-giant-descent-storyboard-01.webp,1800,1014,135734,docs/网站资料/gptimage2/提示词github原始资料/awesome-gpt-image-2-prompts-main/images/poster_case137/output.jpg
surreal-baroque-painting-reality-fracture,1,cover,surreal-baroque-painting-reality-fracture-01.webp,assets/images/gallery/surreal-baroque-painting-reality-fracture-01.webp,https://cdn.aigptimage.com/assets/images/gallery/surreal-baroque-painting-reality-fracture-01.webp,1800,1800,421924,docs/网站资料/gptimage2/提示词github原始资料/awesome-gpt-image-2-prompts-main/images/poster_case138/output.jpg
urban-alley-mural-artist,1,cover,urban-alley-mural-artist-01.webp,assets/images/gallery/urban-alley-mural-artist-01.webp,https://cdn.aigptimage.com/assets/images/gallery/urban-alley-mural-artist-01.webp,1800,2250,199284,docs/网站资料/gptimage2/提示词github原始资料/awesome-gpt-image-2-prompts-main/images/poster_case139/output.jpg
rpg-map-to-anime-event-scene,1,cover,rpg-map-to-anime-event-scene-01.webp,assets/images/gallery/rpg-map-to-anime-event-scene-01.webp,https://cdn.aigptimage.com/assets/images/gallery/rpg-map-to-anime-event-scene-01.webp,1800,1005,195970,docs/网站资料/gptimage2/提示词github原始资料/awesome-gpt-image-2-prompts-main/images/poster_case140/output.jpg
soft-pastel-anime-girl-full-body,1,cover,soft-pastel-anime-girl-full-body-01.webp,assets/images/gallery/soft-pastel-anime-girl-full-body-01.webp,https://cdn.aigptimage.com/assets/images/gallery/soft-pastel-anime-girl-full-body-01.webp,1800,2548,71194,docs/网站资料/gptimage2/提示词github原始资料/awesome-gpt-image-2-prompts-main/images/poster_case141/output.jpg
urban-fantasy-coexistence-crossing,1,cover,urban-fantasy-coexistence-crossing-01.webp,assets/images/gallery/urban-fantasy-coexistence-crossing-01.webp,https://cdn.aigptimage.com/assets/images/gallery/urban-fantasy-coexistence-crossing-01.webp,1800,1014,287430,docs/网站资料/gptimage2/提示词github原始资料/awesome-gpt-image-2-prompts-main/images/poster_case142/output.jpg
parent-child-miscommunication-infographic,1,cover,parent-child-miscommunication-infographic-01.webp,assets/images/gallery/parent-child-miscommunication-infographic-01.webp,https://cdn.aigptimage.com/assets/images/gallery/parent-child-miscommunication-infographic-01.webp,1800,945,58170,docs/网站资料/gptimage2/提示词github原始资料/awesome-gpt-image-2-prompts-main/images/poster_case161/output.jpg
good-bath-day-editorial-poster,1,cover,good-bath-day-editorial-poster-01.webp,assets/images/gallery/good-bath-day-editorial-poster-01.webp,https://cdn.aigptimage.com/assets/images/gallery/good-bath-day-editorial-poster-01.webp,1800,2700,243600,docs/网站资料/gptimage2/提示词github原始资料/awesome-gpt-image-2-prompts-main/images/poster_case162/output.jpg
japanese-sci-fi-suit-up-process-board,1,cover,japanese-sci-fi-suit-up-process-board-01.webp,assets/images/gallery/japanese-sci-fi-suit-up-process-board-01.webp,https://cdn.aigptimage.com/assets/images/gallery/japanese-sci-fi-suit-up-process-board-01.webp,1800,1014,211366,docs/网站资料/gptimage2/提示词github原始资料/awesome-gpt-image-2-prompts-main/images/poster_case163/output.jpg
dreamy-shibuya-bubble-girl,1,cover,dreamy-shibuya-bubble-girl-01.webp,assets/images/gallery/dreamy-shibuya-bubble-girl-01.webp,https://cdn.aigptimage.com/assets/images/gallery/dreamy-shibuya-bubble-girl-01.webp,1800,2700,375008,docs/网站资料/gptimage2/提示词github原始资料/awesome-gpt-image-2-prompts-main/images/poster_case164/output.jpg
stormy-tropical-city-with-rooftop-plane,1,cover,stormy-tropical-city-with-rooftop-plane-01.webp,assets/images/gallery/stormy-tropical-city-with-rooftop-plane-01.webp,https://cdn.aigptimage.com/assets/images/gallery/stormy-tropical-city-with-rooftop-plane-01.webp,1800,1018,137204,docs/网站资料/gptimage2/提示词github原始资料/awesome-gpt-image-2-prompts-main/images/poster_case165/output.jpg
anime-snapshot-conversion,1,cover,anime-snapshot-conversion-01.webp,assets/images/gallery/anime-snapshot-conversion-01.webp,https://cdn.aigptimage.com/assets/images/gallery/anime-snapshot-conversion-01.webp,1800,1800,58124,docs/网站资料/gptimage2/提示词github原始资料/awesome-gpt-image-2-prompts-main/images/character_case1/output.jpg
persona5-character-reference-card,1,cover,persona5-character-reference-card-01.webp,assets/images/gallery/persona5-character-reference-card-01.webp,https://cdn.aigptimage.com/assets/images/gallery/persona5-character-reference-card-01.webp,1800,2700,383112,docs/网站资料/gptimage2/提示词github原始资料/awesome-gpt-image-2-prompts-main/images/character_case2/output.jpg
gal-game-character-introduction-page,1,cover,gal-game-character-introduction-page-01.webp,assets/images/gallery/gal-game-character-introduction-page-01.webp,https://cdn.aigptimage.com/assets/images/gallery/gal-game-character-introduction-page-01.webp,1800,2700,308820,docs/网站资料/gptimage2/提示词github原始资料/awesome-gpt-image-2-prompts-main/images/character_case3/output.jpg
official-character-sheet-jp,1,cover,official-character-sheet-jp-01.webp,assets/images/gallery/official-character-sheet-jp-01.webp,https://cdn.aigptimage.com/assets/images/gallery/official-character-sheet-jp-01.webp,1800,1014,151102,docs/网站资料/gptimage2/提示词github原始资料/awesome-gpt-image-2-prompts-main/images/character_case5/output.jpg
mecha-girl-sea-city-key-visual,1,cover,mecha-girl-sea-city-key-visual-01.webp,assets/images/gallery/mecha-girl-sea-city-key-visual-01.webp,https://cdn.aigptimage.com/assets/images/gallery/mecha-girl-sea-city-key-visual-01.webp,1800,1014,260198,docs/网站资料/gptimage2/提示词github原始资料/awesome-gpt-image-2-prompts-main/images/character_case7/output.jpg
saint-seiya-gold-saints-card-grid,1,cover,saint-seiya-gold-saints-card-grid-01.webp,assets/images/gallery/saint-seiya-gold-saints-card-grid-01.webp,https://cdn.aigptimage.com/assets/images/gallery/saint-seiya-gold-saints-card-grid-01.webp,1800,1014,464100,docs/网站资料/gptimage2/提示词github原始资料/awesome-gpt-image-2-prompts-main/images/character_case8/output.jpg
chaos-notes-hidden-face-character-art,1,cover,chaos-notes-hidden-face-character-art-01.webp,assets/images/gallery/chaos-notes-hidden-face-character-art-01.webp,https://cdn.aigptimage.com/assets/images/gallery/chaos-notes-hidden-face-character-art-01.webp,1800,1800,585978,docs/网站资料/gptimage2/提示词github原始资料/awesome-gpt-image-2-prompts-main/images/character_case9/output.jpg
anime-martial-arts-battle-illustration,1,cover,anime-martial-arts-battle-illustration-01.webp,assets/images/gallery/anime-martial-arts-battle-illustration-01.webp,https://cdn.aigptimage.com/assets/images/gallery/anime-martial-arts-battle-illustration-01.webp,1800,1440,332486,docs/网站资料/gptimage2/提示词github原始资料/awesome-gpt-image-2-prompts-main/images/character_case10/output.jpg
gta-6-in-bangalore-flower-market,1,cover,gta-6-in-bangalore-flower-market-01.webp,assets/images/gallery/gta-6-in-bangalore-flower-market-01.webp,https://cdn.aigptimage.com/assets/images/gallery/gta-6-in-bangalore-flower-market-01.webp,1800,1200,378432,docs/网站资料/gptimage2/提示词github原始资料/awesome-gpt-image-2-prompts-main/images/character_case11/output.jpg
gta-6-shinjuku-bar-scene,1,cover,gta-6-shinjuku-bar-scene-01.webp,assets/images/gallery/gta-6-shinjuku-bar-scene-01.webp,https://cdn.aigptimage.com/assets/images/gallery/gta-6-shinjuku-bar-scene-01.webp,1800,1440,181740,docs/网站资料/gptimage2/提示词github原始资料/awesome-gpt-image-2-prompts-main/images/character_case12/output.jpg
eleanor-from-white-cat-project,1,cover,eleanor-from-white-cat-project-01.webp,assets/images/gallery/eleanor-from-white-cat-project-01.webp,https://cdn.aigptimage.com/assets/images/gallery/eleanor-from-white-cat-project-01.webp,1800,2400,361862,docs/网站资料/gptimage2/提示词github原始资料/awesome-gpt-image-2-prompts-main/images/character_case13/output.jpg
one-prompt-ui-design-generation,1,cover,one-prompt-ui-design-generation-01.webp,assets/images/gallery/one-prompt-ui-design-generation-01.webp,https://cdn.aigptimage.com/assets/images/gallery/one-prompt-ui-design-generation-01.webp,1800,2198,96530,docs/网站资料/gptimage2/提示词github原始资料/awesome-gpt-image-2-prompts-main/images/ui_case1/output.jpg
amateur-iphone-keynote-snapshot,1,cover,amateur-iphone-keynote-snapshot-01.webp,assets/images/gallery/amateur-iphone-keynote-snapshot-01.webp,https://cdn.aigptimage.com/assets/images/gallery/amateur-iphone-keynote-snapshot-01.webp,1800,1350,132708,docs/网站资料/gptimage2/提示词github原始资料/awesome-gpt-image-2-prompts-main/images/ui_case2/output.jpg
handwritten-notebook-photo,1,cover,handwritten-notebook-photo-01.webp,assets/images/gallery/handwritten-notebook-photo-01.webp,https://cdn.aigptimage.com/assets/images/gallery/handwritten-notebook-photo-01.webp,1800,1350,119750,docs/网站资料/gptimage2/提示词github原始资料/awesome-gpt-image-2-prompts-main/images/ui_case3/output.jpg
song-dynasty-social-media-feed,1,cover,song-dynasty-social-media-feed-01.webp,assets/images/gallery/song-dynasty-social-media-feed-01.webp,https://cdn.aigptimage.com/assets/images/gallery/song-dynasty-social-media-feed-01.webp,1800,5400,259460,docs/网站资料/gptimage2/提示词github原始资料/awesome-gpt-image-2-prompts-main/images/ui_case4/output.jpg
multi-platform-content-screenshots,1,cover,multi-platform-content-screenshots-01.webp,assets/images/gallery/multi-platform-content-screenshots-01.webp,https://cdn.aigptimage.com/assets/images/gallery/multi-platform-content-screenshots-01.webp,1800,3892,252964,docs/网站资料/gptimage2/提示词github原始资料/awesome-gpt-image-2-prompts-main/images/ui_case5/output.jpg
liu-yifei-douyin-livestream-screenshot,1,cover,liu-yifei-douyin-livestream-screenshot-01.webp,assets/images/gallery/liu-yifei-douyin-livestream-screenshot-01.webp,https://cdn.aigptimage.com/assets/images/gallery/liu-yifei-douyin-livestream-screenshot-01.webp,1800,3198,214992,docs/网站资料/gptimage2/提示词github原始资料/awesome-gpt-image-2-prompts-main/images/ui_case7/output.jpg
king-taejo-yi-seong-gye-s-x-page,1,cover,king-taejo-yi-seong-gye-s-x-page-01.webp,assets/images/gallery/king-taejo-yi-seong-gye-s-x-page-01.webp,https://cdn.aigptimage.com/assets/images/gallery/king-taejo-yi-seong-gye-s-x-page-01.webp,1800,2700,182660,docs/网站资料/gptimage2/提示词github原始资料/awesome-gpt-image-2-prompts-main/images/ui_case8/output.jpg
style-to-ui-design-system,1,cover,style-to-ui-design-system-01.webp,assets/images/gallery/style-to-ui-design-system-01.webp,https://cdn.aigptimage.com/assets/images/gallery/style-to-ui-design-system-01.webp,1800,1970,91396,docs/网站资料/gptimage2/提示词github原始资料/awesome-gpt-image-2-prompts-main/images/ui_case9/output.jpg
momotaro-explainer-slide,1,cover,momotaro-explainer-slide-01.webp,assets/images/gallery/momotaro-explainer-slide-01.webp,https://cdn.aigptimage.com/assets/images/gallery/momotaro-explainer-slide-01.webp,1800,1200,245388,docs/网站资料/gptimage2/提示词github原始资料/awesome-gpt-image-2-prompts-main/images/ui_case10/output.jpg
museum-style-hanfu-breakdown-infographic,1,cover,museum-style-hanfu-breakdown-infographic-01.webp,assets/images/gallery/museum-style-hanfu-breakdown-infographic-01.webp,https://cdn.aigptimage.com/assets/images/gallery/museum-style-hanfu-breakdown-infographic-01.webp,1800,2146,343782,docs/网站资料/gptimage2/提示词github原始资料/awesome-gpt-image-2-prompts-main/images/ui_case25/output.jpg
palm-reading-diagnosis-report,1,cover,palm-reading-diagnosis-report-01.webp,assets/images/gallery/palm-reading-diagnosis-report-01.webp,https://cdn.aigptimage.com/assets/images/gallery/palm-reading-diagnosis-report-01.webp,1800,3079,122296,docs/网站资料/gptimage2/提示词github原始资料/awesome-gpt-image-2-prompts-main/images/ui_case32/output.jpg
calligraphy-copybook-sheet,1,cover,calligraphy-copybook-sheet-01.webp,assets/images/gallery/calligraphy-copybook-sheet-01.webp,https://cdn.aigptimage.com/assets/images/gallery/calligraphy-copybook-sheet-01.webp,1800,2250,246584,docs/网站资料/gptimage2/提示词github原始资料/awesome-gpt-image-2-prompts-main/images/ui_case33/output.jpg
don-quijote-promo-pop-poster,1,cover,don-quijote-promo-pop-poster-01.webp,assets/images/gallery/don-quijote-promo-pop-poster-01.webp,https://cdn.aigptimage.com/assets/images/gallery/don-quijote-promo-pop-poster-01.webp,1800,2400,536468,docs/网站资料/gptimage2/提示词github原始资料/awesome-gpt-image-2-prompts-main/images/ui_case34/output.jpg
japanese-gacha-game-screen,1,cover,japanese-gacha-game-screen-01.webp,assets/images/gallery/japanese-gacha-game-screen-01.webp,https://cdn.aigptimage.com/assets/images/gallery/japanese-gacha-game-screen-01.webp,1800,3198,569854,docs/网站资料/gptimage2/提示词github原始资料/awesome-gpt-image-2-prompts-main/images/ui_case35/output.jpg
elon-musk-douyin-livestream-screenshot,1,cover,elon-musk-douyin-livestream-screenshot-01.webp,assets/images/gallery/elon-musk-douyin-livestream-screenshot-01.webp,https://cdn.aigptimage.com/assets/images/gallery/elon-musk-douyin-livestream-screenshot-01.webp,1800,3198,239624,docs/网站资料/gptimage2/提示词github原始资料/awesome-gpt-image-2-prompts-main/images/ui_case36/output.jpg
liu-yifei-douyin-livestream-screenshot-ui-social-media-mockup-37,1,cover,liu-yifei-douyin-livestream-screenshot-ui-social-media-mockup-37-01.webp,assets/images/gallery/liu-yifei-douyin-livestream-screenshot-ui-social-media-mockup-37-01.webp,https://cdn.aigptimage.com/assets/images/gallery/liu-yifei-douyin-livestream-screenshot-ui-social-media-mockup-37-01.webp,1800,1158,41294,docs/网站资料/gptimage2/提示词github原始资料/awesome-gpt-image-2-prompts-main/images/ui_case37/output.jpg
cyberpunk-neon-ui-design-system,1,cover,cyberpunk-neon-ui-design-system-01.webp,assets/images/gallery/cyberpunk-neon-ui-design-system-01.webp,https://cdn.aigptimage.com/assets/images/gallery/cyberpunk-neon-ui-design-system-01.webp,1800,1200,156130,docs/网站资料/gptimage2/提示词github原始资料/awesome-gpt-image-2-prompts-main/images/ui_case38/output.jpg
trump-and-kim-livestream-pk-screenshot,1,cover,trump-and-kim-livestream-pk-screenshot-01.webp,assets/images/gallery/trump-and-kim-livestream-pk-screenshot-01.webp,https://cdn.aigptimage.com/assets/images/gallery/trump-and-kim-livestream-pk-screenshot-01.webp,1800,2400,306700,docs/网站资料/gptimage2/提示词github原始资料/awesome-gpt-image-2-prompts-main/images/ui_case39/output.jpg
japanese-ai-game-dev-overview-slide-prompt,1,cover,japanese-ai-game-dev-overview-slide-prompt-01.webp,assets/images/gallery/japanese-ai-game-dev-overview-slide-prompt-01.webp,https://cdn.aigptimage.com/assets/images/gallery/japanese-ai-game-dev-overview-slide-prompt-01.webp,1800,1200,192632,docs/网站资料/gptimage2/提示词github原始资料/awesome-gpt-image-2-prompts-main/images/ui_case40/output.jpg
apple-pods-pro-3-headphone-e-commerce-infographic,1,cover,apple-pods-pro-3-headphone-e-commerce-infographic-01.webp,assets/images/gallery/apple-pods-pro-3-headphone-e-commerce-infographic-01.webp,https://cdn.aigptimage.com/assets/images/gallery/apple-pods-pro-3-headphone-e-commerce-infographic-01.webp,1800,3200,209978,docs/网站资料/gptimage2/提示词github原始资料/awesome-gpt-image-2-prompts-main/images/ui_case44/output.jpg
apple-pods-pro-3-earbuds-e-commerce-infographic,1,cover,apple-pods-pro-3-earbuds-e-commerce-infographic-01.webp,assets/images/gallery/apple-pods-pro-3-earbuds-e-commerce-infographic-01.webp,https://cdn.aigptimage.com/assets/images/gallery/apple-pods-pro-3-earbuds-e-commerce-infographic-01.webp,1800,2711,213656,docs/网站资料/gptimage2/提示词github原始资料/awesome-gpt-image-2-prompts-main/images/ui_case45/output.jpg
beauty-product-commercial-marketing-photograph,1,cover,beauty-product-commercial-marketing-photograph-01.webp,assets/images/gallery/beauty-product-commercial-marketing-photograph-01.webp,https://cdn.aigptimage.com/assets/images/gallery/beauty-product-commercial-marketing-photograph-01.webp,1800,2411,212332,docs/网站资料/gptimage2/提示词github原始资料/awesome-gpt-image-2-prompts-main/images/ui_case46/output.jpg
aaa-video-game-screenshot-concept-design,1,cover,aaa-video-game-screenshot-concept-design-01.webp,assets/images/gallery/aaa-video-game-screenshot-concept-design-01.webp,https://cdn.aigptimage.com/assets/images/gallery/aaa-video-game-screenshot-concept-design-01.webp,1800,1014,257294,docs/网站资料/gptimage2/提示词github原始资料/awesome-gpt-image-2-prompts-main/images/ui_case47/output.jpg
spanish-grwm-morning-beauty-thumbnail,1,cover,spanish-grwm-morning-beauty-thumbnail-01.webp,assets/images/gallery/spanish-grwm-morning-beauty-thumbnail-01.webp,https://cdn.aigptimage.com/assets/images/gallery/spanish-grwm-morning-beauty-thumbnail-01.webp,1800,2700,198394,docs/网站资料/gptimage2/提示词github原始资料/awesome-gpt-image-2-prompts-main/images/ui_case91/output.jpg
cinematic-city-explosion-chase,1,cover,cinematic-city-explosion-chase-01.webp,assets/images/gallery/cinematic-city-explosion-chase-01.webp,https://cdn.aigptimage.com/assets/images/gallery/cinematic-city-explosion-chase-01.webp,1800,1200,202186,docs/网站资料/gptimage2/提示词github原始资料/awesome-gpt-image-2-prompts-main/images/ui_case92/output.jpg
anime-vtuber-minecraft-stream-thumbnail,1,cover,anime-vtuber-minecraft-stream-thumbnail-01.webp,assets/images/gallery/anime-vtuber-minecraft-stream-thumbnail-01.webp,https://cdn.aigptimage.com/assets/images/gallery/anime-vtuber-minecraft-stream-thumbnail-01.webp,1800,1014,236604,docs/网站资料/gptimage2/提示词github原始资料/awesome-gpt-image-2-prompts-main/images/ui_case93/output.jpg
cozy-anime-asmr-ear-massage-girl,1,cover,cozy-anime-asmr-ear-massage-girl-01.webp,assets/images/gallery/cozy-anime-asmr-ear-massage-girl-01.webp,https://cdn.aigptimage.com/assets/images/gallery/cozy-anime-asmr-ear-massage-girl-01.webp,1800,1200,140626,docs/网站资料/gptimage2/提示词github原始资料/awesome-gpt-image-2-prompts-main/images/ui_case94/output.jpg
celebrity-livestream-concept,1,cover,celebrity-livestream-concept-01.webp,assets/images/gallery/celebrity-livestream-concept-01.webp,https://cdn.aigptimage.com/assets/images/gallery/celebrity-livestream-concept-01.webp,1800,1200,105010,docs/网站资料/gptimage2/提示词github原始资料/awesome-gpt-image-2-prompts-main/images/ui_case95/output.jpg
monika-anime-banner-illustration,1,cover,monika-anime-banner-illustration-01.webp,assets/images/gallery/monika-anime-banner-illustration-01.webp,https://cdn.aigptimage.com/assets/images/gallery/monika-anime-banner-illustration-01.webp,1800,772,204702,docs/网站资料/gptimage2/提示词github原始资料/awesome-gpt-image-2-prompts-main/images/ui_case96/output.jpg
purple-anime-yuri-banner,1,cover,purple-anime-yuri-banner-01.webp,assets/images/gallery/purple-anime-yuri-banner-01.webp,https://cdn.aigptimage.com/assets/images/gallery/purple-anime-yuri-banner-01.webp,1800,772,163994,docs/网站资料/gptimage2/提示词github原始资料/awesome-gpt-image-2-prompts-main/images/ui_case97/output.jpg
pink-anime-natsuki-banner,1,cover,pink-anime-natsuki-banner-01.webp,assets/images/gallery/pink-anime-natsuki-banner-01.webp,https://cdn.aigptimage.com/assets/images/gallery/pink-anime-natsuki-banner-01.webp,1800,772,163972,docs/网站资料/gptimage2/提示词github原始资料/awesome-gpt-image-2-prompts-main/images/ui_case98/output.jpg
dreamy-anime-sayori-banner,1,cover,dreamy-anime-sayori-banner-01.webp,assets/images/gallery/dreamy-anime-sayori-banner-01.webp,https://cdn.aigptimage.com/assets/images/gallery/dreamy-anime-sayori-banner-01.webp,1800,772,141532,docs/网站资料/gptimage2/提示词github原始资料/awesome-gpt-image-2-prompts-main/images/ui_case99/output.jpg
cyberpunk-404-witch-summoning,1,cover,cyberpunk-404-witch-summoning-01.webp,assets/images/gallery/cyberpunk-404-witch-summoning-01.webp,https://cdn.aigptimage.com/assets/images/gallery/cyberpunk-404-witch-summoning-01.webp,1800,2400,404700,docs/网站资料/gptimage2/提示词github原始资料/awesome-gpt-image-2-prompts-main/images/ui_case100/output.jpg
anime-fantasy-travel-movie-poster,1,cover,anime-fantasy-travel-movie-poster-01.webp,assets/images/gallery/anime-fantasy-travel-movie-poster-01.webp,https://cdn.aigptimage.com/assets/images/gallery/anime-fantasy-travel-movie-poster-01.webp,1800,2400,298824,docs/网站资料/gptimage2/提示词github原始资料/awesome-gpt-image-2-prompts-main/images/ui_case101/output.jpg
anime-music-bootcamp-promo-poster,1,cover,anime-music-bootcamp-promo-poster-01.webp,assets/images/gallery/anime-music-bootcamp-promo-poster-01.webp,https://cdn.aigptimage.com/assets/images/gallery/anime-music-bootcamp-promo-poster-01.webp,1800,2400,627660,docs/网站资料/gptimage2/提示词github原始资料/awesome-gpt-image-2-prompts-main/images/ui_case102/output.jpg
tropical-parrot-pixel-mosaic,1,cover,tropical-parrot-pixel-mosaic-01.webp,assets/images/gallery/tropical-parrot-pixel-mosaic-01.webp,https://cdn.aigptimage.com/assets/images/gallery/tropical-parrot-pixel-mosaic-01.webp,1800,1800,438130,docs/网站资料/gptimage2/提示词github原始资料/awesome-gpt-image-2-prompts-main/images/ui_case103/output.jpg
golden-cocktail-in-greenhouse-bar,1,cover,golden-cocktail-in-greenhouse-bar-01.webp,assets/images/gallery/golden-cocktail-in-greenhouse-bar-01.webp,https://cdn.aigptimage.com/assets/images/gallery/golden-cocktail-in-greenhouse-bar-01.webp,1800,3198,194254,docs/网站资料/gptimage2/提示词github原始资料/awesome-gpt-image-2-prompts-main/images/ui_case104/output.jpg
multi-panel-image-board-template,1,cover,multi-panel-image-board-template-01.webp,assets/images/gallery/multi-panel-image-board-template-01.webp,https://cdn.aigptimage.com/assets/images/gallery/multi-panel-image-board-template-01.webp,1800,1350,298404,docs/网站资料/gptimage2/提示词github原始资料/awesome-gpt-image-2-prompts-main/images/ui_case105/output.jpg
handwritten-realistic-letter,1,cover,handwritten-realistic-letter-01.webp,assets/images/gallery/handwritten-realistic-letter-01.webp,https://cdn.aigptimage.com/assets/images/gallery/handwritten-realistic-letter-01.webp,1800,2400,187150,docs/网站资料/gptimage2/提示词github原始资料/awesome-gpt-image-2-prompts-main/images/ui_case106/output.jpg
anime-band-finale-at-budokan,1,cover,anime-band-finale-at-budokan-01.webp,assets/images/gallery/anime-band-finale-at-budokan-01.webp,https://cdn.aigptimage.com/assets/images/gallery/anime-band-finale-at-budokan-01.webp,1800,1200,295838,docs/网站资料/gptimage2/提示词github原始资料/awesome-gpt-image-2-prompts-main/images/ui_case107/output.jpg
anime-girl-and-man-date-photo-collage,1,cover,anime-girl-and-man-date-photo-collage-01.webp,assets/images/gallery/anime-girl-and-man-date-photo-collage-01.webp,https://cdn.aigptimage.com/assets/images/gallery/anime-girl-and-man-date-photo-collage-01.webp,1800,1800,226946,docs/网站资料/gptimage2/提示词github原始资料/awesome-gpt-image-2-prompts-main/images/ui_case108/output.jpg
luxury-lifestyle-mustang-shot,1,cover,luxury-lifestyle-mustang-shot-01.webp,assets/images/gallery/luxury-lifestyle-mustang-shot-01.webp,https://cdn.aigptimage.com/assets/images/gallery/luxury-lifestyle-mustang-shot-01.webp,1800,2700,307782,docs/网站资料/gptimage2/提示词github原始资料/awesome-gpt-image-2-prompts-main/images/ui_case109/output.jpg
anime-friends-eating-soba,1,cover,anime-friends-eating-soba-01.webp,assets/images/gallery/anime-friends-eating-soba-01.webp,https://cdn.aigptimage.com/assets/images/gallery/anime-friends-eating-soba-01.webp,1800,1232,196064,docs/网站资料/gptimage2/提示词github原始资料/awesome-gpt-image-2-prompts-main/images/ui_case110/output.jpg
gothic-android-warrior-cathedral-key-art,1,cover,gothic-android-warrior-cathedral-key-art-01.webp,assets/images/gallery/gothic-android-warrior-cathedral-key-art-01.webp,https://cdn.aigptimage.com/assets/images/gallery/gothic-android-warrior-cathedral-key-art-01.webp,1800,3200,221666,docs/网站资料/gptimage2/提示词github原始资料/awesome-gpt-image-2-prompts-main/images/ui_case111/output.jpg
cloud-shape-doodle-generation,1,cover,cloud-shape-doodle-generation-01.webp,assets/images/gallery/cloud-shape-doodle-generation-01.webp,https://cdn.aigptimage.com/assets/images/gallery/cloud-shape-doodle-generation-01.webp,1800,1458,28328,docs/网站资料/gptimage2/提示词github原始资料/awesome-gpt-image-2-prompts-main/images/ui_case112/output.jpg
rural-station-schoolgirl-scene,1,cover,rural-station-schoolgirl-scene-01.webp,assets/images/gallery/rural-station-schoolgirl-scene-01.webp,https://cdn.aigptimage.com/assets/images/gallery/rural-station-schoolgirl-scene-01.webp,1800,1350,317700,docs/网站资料/gptimage2/提示词github原始资料/awesome-gpt-image-2-prompts-main/images/ui_case113/output.jpg
anime-characters-in-real-izakaya-photo,1,cover,anime-characters-in-real-izakaya-photo-01.webp,assets/images/gallery/anime-characters-in-real-izakaya-photo-01.webp,https://cdn.aigptimage.com/assets/images/gallery/anime-characters-in-real-izakaya-photo-01.webp,1800,1014,180542,docs/网站资料/gptimage2/提示词github原始资料/awesome-gpt-image-2-prompts-main/images/ui_case114/output.jpg
anime-campers-in-a-winter-tent,1,cover,anime-campers-in-a-winter-tent-01.webp,assets/images/gallery/anime-campers-in-a-winter-tent-01.webp,https://cdn.aigptimage.com/assets/images/gallery/anime-campers-in-a-winter-tent-01.webp,1800,833,155980,docs/网站资料/gptimage2/提示词github原始资料/awesome-gpt-image-2-prompts-main/images/ui_case115/output.jpg
bmw-performance-social-poster,1,cover,bmw-performance-social-poster-01.webp,assets/images/gallery/bmw-performance-social-poster-01.webp,https://cdn.aigptimage.com/assets/images/gallery/bmw-performance-social-poster-01.webp,1800,2700,167078,docs/网站资料/gptimage2/提示词github原始资料/awesome-gpt-image-2-prompts-main/images/ui_case116/output.jpg
cinematic-chicken-momos-ad-poster,1,cover,cinematic-chicken-momos-ad-poster-01.webp,assets/images/gallery/cinematic-chicken-momos-ad-poster-01.webp,https://cdn.aigptimage.com/assets/images/gallery/cinematic-chicken-momos-ad-poster-01.webp,1800,1800,162352,docs/网站资料/gptimage2/提示词github原始资料/awesome-gpt-image-2-prompts-main/images/ui_case117/output.jpg
nostalgic-16-photo-couple-grid,1,cover,nostalgic-16-photo-couple-grid-01.webp,assets/images/gallery/nostalgic-16-photo-couple-grid-01.webp,https://cdn.aigptimage.com/assets/images/gallery/nostalgic-16-photo-couple-grid-01.webp,1800,1800,150776,docs/网站资料/gptimage2/提示词github原始资料/awesome-gpt-image-2-prompts-main/images/ui_case118/output.jpg
anime-bl-promo-thumbnail,1,cover,anime-bl-promo-thumbnail-01.webp,assets/images/gallery/anime-bl-promo-thumbnail-01.webp,https://cdn.aigptimage.com/assets/images/gallery/anime-bl-promo-thumbnail-01.webp,1800,1014,183420,docs/网站资料/gptimage2/提示词github原始资料/awesome-gpt-image-2-prompts-main/images/ui_case119/output.jpg
artist-and-ethereal-muse-at-night,1,cover,artist-and-ethereal-muse-at-night-01.webp,assets/images/gallery/artist-and-ethereal-muse-at-night-01.webp,https://cdn.aigptimage.com/assets/images/gallery/artist-and-ethereal-muse-at-night-01.webp,1800,2250,408862,docs/网站资料/gptimage2/提示词github原始资料/awesome-gpt-image-2-prompts-main/images/ui_case120/output.jpg
wooden-bookshelf-prompt-test,1,cover,wooden-bookshelf-prompt-test-01.webp,assets/images/gallery/wooden-bookshelf-prompt-test-01.webp,https://cdn.aigptimage.com/assets/images/gallery/wooden-bookshelf-prompt-test-01.webp,1800,2700,200156,docs/网站资料/gptimage2/提示词github原始资料/awesome-gpt-image-2-prompts-main/images/comparison_case5/output.jpg
gpt-image-2-detail-showcase,1,cover,gpt-image-2-detail-showcase-01.webp,assets/images/gallery/gpt-image-2-detail-showcase-01.webp,https://cdn.aigptimage.com/assets/images/gallery/gpt-image-2-detail-showcase-01.webp,1800,2775,151938,docs/网站资料/gptimage2/提示词github原始资料/awesome-gpt-image-2-prompts-main/images/comparison_case10/output.jpg
a-b-test-signed-output,1,cover,a-b-test-signed-output-01.webp,assets/images/gallery/a-b-test-signed-output-01.webp,https://cdn.aigptimage.com/assets/images/gallery/a-b-test-signed-output-01.webp,1800,2400,311494,docs/网站资料/gptimage2/提示词github原始资料/awesome-gpt-image-2-prompts-main/images/comparison_case16/output.jpg
silhouette-universe-narrative-poster,1,cover,silhouette-universe-narrative-poster-01.webp,assets/images/gallery/silhouette-universe-narrative-poster-01.webp,https://cdn.aigptimage.com/assets/images/gallery/silhouette-universe-narrative-poster-01.webp,1800,2700,445090,docs/网站资料/gptimage2/提示词github原始资料/awesome-gpt-image-2-prompts-main/images/comparison_case23/output.jpg
lion-camel-ridge-dark-myth-scene,1,cover,lion-camel-ridge-dark-myth-scene-01.webp,assets/images/gallery/lion-camel-ridge-dark-myth-scene-01.webp,https://cdn.aigptimage.com/assets/images/gallery/lion-camel-ridge-dark-myth-scene-01.webp,1800,1010,131100,docs/网站资料/gptimage2/提示词github原始资料/awesome-gpt-image-2-prompts-main/images/comparison_case29/output.jpg
counter-strike-x-terraria-screenshot-mashup,1,cover,counter-strike-x-terraria-screenshot-mashup-01.webp,assets/images/gallery/counter-strike-x-terraria-screenshot-mashup-01.webp,https://cdn.aigptimage.com/assets/images/gallery/counter-strike-x-terraria-screenshot-mashup-01.webp,1800,1200,158748,docs/网站资料/gptimage2/提示词github原始资料/awesome-gpt-image-2-prompts-main/images/comparison_case30/output.jpg
pre-war-japan-lab-minecraft-screenshot,1,cover,pre-war-japan-lab-minecraft-screenshot-01.webp,assets/images/gallery/pre-war-japan-lab-minecraft-screenshot-01.webp,https://cdn.aigptimage.com/assets/images/gallery/pre-war-japan-lab-minecraft-screenshot-01.webp,1800,1800,142600,docs/网站资料/gptimage2/提示词github原始资料/awesome-gpt-image-2-prompts-main/images/comparison_case31/output.jpg
forged-masterpiece-prompt-test,1,cover,forged-masterpiece-prompt-test-01.webp,assets/images/gallery/forged-masterpiece-prompt-test-01.webp,https://cdn.aigptimage.com/assets/images/gallery/forged-masterpiece-prompt-test-01.webp,1800,2700,491410,docs/网站资料/gptimage2/提示词github原始资料/awesome-gpt-image-2-prompts-main/images/comparison_case32/output.jpg
multi-concept-battle-poster-set,1,cover,multi-concept-battle-poster-set-01.webp,assets/images/gallery/multi-concept-battle-poster-set-01.webp,https://cdn.aigptimage.com/assets/images/gallery/multi-concept-battle-poster-set-01.webp,1800,1014,210232,docs/网站资料/gptimage2/提示词github原始资料/awesome-gpt-image-2-prompts-main/images/comparison_case33/output.jpg
rust-in-game-screenshot,1,cover,rust-in-game-screenshot-01.webp,assets/images/gallery/rust-in-game-screenshot-01.webp,https://cdn.aigptimage.com/assets/images/gallery/rust-in-game-screenshot-01.webp,1800,1200,247498,docs/网站资料/gptimage2/提示词github原始资料/awesome-gpt-image-2-prompts-main/images/comparison_case34/output.jpg
sam-altman-bear-selfie,1,cover,sam-altman-bear-selfie-01.webp,assets/images/gallery/sam-altman-bear-selfie-01.webp,https://cdn.aigptimage.com/assets/images/gallery/sam-altman-bear-selfie-01.webp,1800,1440,161504,docs/网站资料/gptimage2/提示词github原始资料/awesome-gpt-image-2-prompts-main/images/comparison_case35/output.jpg
among-us-realistic-screenshot,1,cover,among-us-realistic-screenshot-01.webp,assets/images/gallery/among-us-realistic-screenshot-01.webp,https://cdn.aigptimage.com/assets/images/gallery/among-us-realistic-screenshot-01.webp,1800,1200,113720,docs/网站资料/gptimage2/提示词github原始资料/awesome-gpt-image-2-prompts-main/images/comparison_case36/output.jpg
retro-programming-museum-cartoon,1,cover,retro-programming-museum-cartoon-01.webp,assets/images/gallery/retro-programming-museum-cartoon-01.webp,https://cdn.aigptimage.com/assets/images/gallery/retro-programming-museum-cartoon-01.webp,1800,1014,211478,docs/网站资料/gptimage2/提示词github原始资料/awesome-gpt-image-2-prompts-main/images/comparison_case37/output.jpg
14th-dimension-projection-scene,1,cover,14th-dimension-projection-scene-01.webp,assets/images/gallery/14th-dimension-projection-scene-01.webp,https://cdn.aigptimage.com/assets/images/gallery/14th-dimension-projection-scene-01.webp,1800,1200,208540,docs/网站资料/gptimage2/提示词github原始资料/awesome-gpt-image-2-prompts-main/images/comparison_case38/output.jpg
sam-altman-baseball-broadcast,1,cover,sam-altman-baseball-broadcast-01.webp,assets/images/gallery/sam-altman-baseball-broadcast-01.webp,https://cdn.aigptimage.com/assets/images/gallery/sam-altman-baseball-broadcast-01.webp,1800,1440,243966,docs/网站资料/gptimage2/提示词github原始资料/awesome-gpt-image-2-prompts-main/images/comparison_case39/output.jpg
restaurant-pov-change-comparison,1,cover,restaurant-pov-change-comparison-01.webp,assets/images/gallery/restaurant-pov-change-comparison-01.webp,https://cdn.aigptimage.com/assets/images/gallery/restaurant-pov-change-comparison-01.webp,1800,1496,121418,docs/网站资料/gptimage2/提示词github原始资料/awesome-gpt-image-2-prompts-main/images/comparison_case70/output.jpg
anime-crowd-pov-comparison,1,cover,anime-crowd-pov-comparison-01.webp,assets/images/gallery/anime-crowd-pov-comparison-01.webp,https://cdn.aigptimage.com/assets/images/gallery/anime-crowd-pov-comparison-01.webp,1800,1340,90676,docs/网站资料/gptimage2/提示词github原始资料/awesome-gpt-image-2-prompts-main/images/comparison_case71/output.jpg
neon-ai-thumbnail-comparison,1,cover,neon-ai-thumbnail-comparison-01.webp,assets/images/gallery/neon-ai-thumbnail-comparison-01.webp,https://cdn.aigptimage.com/assets/images/gallery/neon-ai-thumbnail-comparison-01.webp,1800,1014,231408,docs/网站资料/gptimage2/提示词github原始资料/awesome-gpt-image-2-prompts-main/images/comparison_case72/output.jpg
cyberpunk-ai-tools-comparison-poster,1,cover,cyberpunk-ai-tools-comparison-poster-01.webp,assets/images/gallery/cyberpunk-ai-tools-comparison-poster-01.webp,https://cdn.aigptimage.com/assets/images/gallery/cyberpunk-ai-tools-comparison-poster-01.webp,1800,1014,148774,docs/网站资料/gptimage2/提示词github原始资料/awesome-gpt-image-2-prompts-main/images/comparison_case73/output.jpg
japanese-ai-battle-youtube-thumbnail,1,cover,japanese-ai-battle-youtube-thumbnail-01.webp,assets/images/gallery/japanese-ai-battle-youtube-thumbnail-01.webp,https://cdn.aigptimage.com/assets/images/gallery/japanese-ai-battle-youtube-thumbnail-01.webp,1800,1014,219840,docs/网站资料/gptimage2/提示词github原始资料/awesome-gpt-image-2-prompts-main/images/comparison_case74/output.jpg
tokyo-disneysea-front-row-battle-ui,1,cover,tokyo-disneysea-front-row-battle-ui-01.webp,assets/images/gallery/tokyo-disneysea-front-row-battle-ui-01.webp,https://cdn.aigptimage.com/assets/images/gallery/tokyo-disneysea-front-row-battle-ui-01.webp,1800,1200,378796,docs/网站资料/gptimage2/提示词github原始资料/awesome-gpt-image-2-prompts-main/images/comparison_case75/output.jpg
